rating,title,author,date,helpful_votes,clean_review
9.0,Murphy is exceptional,Orlando_Gardner,"Jul 19, 2023",,murphi except
8.0,"A challenging watch to be sure, but a worthwhile one.",Jeremy_Urquhart,"Jul 20, 2023",,challeng watch sure worthwhil one
7.0,Quality but exhausting,Bonobo13579,"Jul 21, 2023",,qualiti exhaust
10.0,And the Oscar goes to...,mark-217-307033,"Jul 19, 2023",,oscar goe
10.0,A brilliantly layered examination of a man throughout all of his incredible accomplishments and fundamental flaws,MrDHWong,"Jul 20, 2023",,brilliantli layer examin man throughout incred accomplish fundament flaw
8.0,"Nolan touches greatness, falls slightly short",Geekofriendly,"Jul 26, 2023",,nolan touch great fall slightli short
8.0,Is it just me ?,pdean-49132,"Jul 21, 2023",,
10.0,A Masterpiece,mohameddawoud-26019,"Jul 19, 2023",,masterpiec
10.0,Nolan delivers a powerfull biopic that shows the dark side of human nature!,and_mikkelsen,"Jul 20, 2023",,nolan deliv powerful biopic show dark side human natur
6.0,This just might be as interesting as this topic can get,EShy,"Jul 25, 2023",,might interest topic get
10.0,A Cinematic Masterpiece by Christopher Nolan,Dvir971,"Jul 19, 2023",,cinemat masterpiec christoph nolan
6.0,"Breaks all filmmaklng rules, but not in a good way",timmyhollywood,"Jul 23, 2023",,break filmmaklng rule good way
5.0,Highly overrated,bartlooman,"Jul 25, 2023",,highli overr
,Severely overhyped,maison-van-cleers,"Jul 27, 2023",,sever overhyp
9.0,Nolan at his best!,shivamkanodia-94992,"Jul 19, 2023",,nolan best
9.0,Exceptional storytelling and Genius Cinametography,Zay-Fee,"Jul 20, 2023",,except storytel geniu cinametographi
8.0,Simply amazing,bissatadam,"Jul 19, 2023",,simpli amaz
8.0,Technically superb but...,leestoych,"Jul 22, 2023",,technic superb
10.0,Cinematic masterpiece,jjqqhnqhg,"Jul 19, 2023",,cinemat masterpiec
6.0,Quite boring,stefannovak,"Jul 22, 2023",,quit bore
8.0,"Good movie, but don't let Nolan fans fool you.",davidpayne-18586,"Jul 24, 2023",,good movi dont let nolan fan fool
6.0,Too loud and too long,andy_c_les,"Aug 3, 2023",,loud long
5.0,Less would have been more,wxqyaxr,"Jul 23, 2023",,less would
,Oppen-bore-mer,dweston-38669,"Jul 25, 2023",,oppenborem
10.0,A brilliant masterpiece that cuts to the core of human fear,show24studio,"Jul 19, 2023",,brilliant masterpiec cut core human fear
10.0,The tale of the American Prometheus,gnperuti,"Sep 18, 2024",,tale american prometheu
10.0,Murphy and Nolan - An Explosive Combination,marcelbenoitdeux,"Dec 27, 2023",,murphi nolan explos combin
10.0,FUTURE CLASSIC and EXTREMELY IMPORTANT MOVIE FOR THE PRESENT DAY,adrianwbowman,"Jul 19, 2023",,futur classic extrem import movi present day
8.0,This movie is the bomb!,zeki-4,"Jul 20, 2023",,movi bomb
8.0,Not really sure what to think.,drpeppers04,"Jul 22, 2023",,realli sure think
7.0,I Wish I Could Say I Had A Blast,JustStone,"Jul 22, 2023",,wish could say blast
10.0,This is really a great movie by Christopher Nolan,azwamuzakki,"Jul 19, 2023",,realli great movi christoph nolan
6.0,"No doubt a well made story, but overall, was just boring",ryan-beauchesne,"Aug 13, 2023",,doubt well made stori overal bore
4.0,no amount of dramatic music or quick cuts could convince me I was being entertained,JordanSatmary,"Aug 4, 2023",,amount dramat music quick cut could convinc entertain
,Mixed feelings,lone_samurai678,"Jul 21, 2023",,mix feel
8.0,Oppenheimer is a movie that is definitely not my type and the topic isn't something I'm mostly interested in that nevertheless almost touches cinematical perfection.,ANGRYSPNGGAMER55,"Aug 31, 2024",,oppenheim movi definit type topic isnt someth im mostli interest nevertheless almost touch cinemat perfect
8.0,Cillan is such a great actor. I realised from this.,avinthyasovis,"Sep 14, 2024",,cillan great actor realis
10.0,Movie of the Year (?),headbangin_mammoth,"Jul 19, 2023",,movi year
10.0,Film of the decade,hcoe-95812,"Jul 19, 2023",,film decad
10.0,Mr. Nolan is an amazing legend,tmamad,"Jul 19, 2023",,mr nolan amaz legend
9.0,"Wistfulness and regrets, and what 1920s physics might have been",anderzzz-1,"Sep 15, 2024",,wist regret physic might
6.0,Nothing special,Hajdudavid-692-274435,"Jul 23, 2023",,noth special
10.0,WATCH IT IN IMAX!!!,s-s-jewbali,"Jul 20, 2023",,watch imax
7.0,Story about a security clearance,gnezzo,"Jul 22, 2023",,stori secur clearanc
5.0,Disappointing,mydummybox,"Aug 25, 2023",,disappoint
8.0,"Murphy is Amazing, But Downey Jr Steals The Show",slightlymad22,"Jul 21, 2023",,murphi amaz downey jr steal show
10.0,Nolan's best so far?,aissammadmoun,"Jul 19, 2023",,nolan best far
10.0,"His eyes look full of fear, regrets and guilt!",kennedykevinr,"Jul 20, 2023",,eye look full fear regret guilt
10.0,Hang on tight,sforl-14909,"Sep 28, 2024",,hang tight
10.0,Nolan at possibly his best.,pkwnxgmb,"Sep 25, 2024",,nolan possibl best
10.0,The greatness of Nolan's work,rashidammar-45501,"Jul 19, 2023",,great nolan work
6.0,"Half an Hour too long, misses the point",GoatOfNeptune,"Jul 22, 2023",,half hour long miss point
10.0,"Now I am become Death, the Destroyer of Worlds.",rayanenaffati,"Jul 19, 2023",,becom death destroy world
6.0,A Dud,jsdana09,"Jul 23, 2023",,dud
2.0,"Bloated, talky, unnecessarily complicated.",heykateforever,"Feb 17, 2024",,bloat talki unnecessarili complic
,Overlong and Overcomplicated,TheBigSick,"Jul 28, 2023",,overlong overcompl
10.0,Oppenheimer - Jamison Slabaugh,jamisonslabaugh,"Aug 8, 2024",,oppenheim jamison slabaugh
8.0,Mini serie would have been a better way to go,h-i-hussain7,"Jul 22, 2023",,mini seri would better way go
8.0,Interesting but long,VorpalJay,"Oct 7, 2024",,interest long
8.0,YES BUT...,Miruna_,"Oct 4, 2024",,ye
10.0,Christopher Nolan is the only filmmaker who can craft an entire series within a three-hour movie!,zaidobe,"Jul 20, 2023",,christoph nolan filmmak craft entir seri within threehour movi
10.0,Stunning - put it in a time capsule,tm-sheehan,"Jul 20, 2023",,stun put time capsul
6.0,"Too much of telling, less on showing",perfectincision,"Jul 21, 2023",,much tell less show
10.0,The one and only masterpiece,nirodhasilva,"Jul 19, 2023",,one masterpiec
6.0,"""Property is Theft""... Are you kidding me?",schlomo-jones,"Jul 21, 2023",,properti theft kid
5.0,Confusing!,Steveco52,"Aug 26, 2023",,confus
,"No. So disappointed by this grossly overhyped, sad film",Osmiumos,"Mar 7, 2024",,disappoint grossli overhyp sad film
8.0,General takeaway,James_Farr,"Nov 19, 2023",,gener takeaway
10.0,I'm gonna keep it super simple. This is cinema.,maukaroni,"Jul 26, 2023",,im gonna keep super simpl cinema
10.0,BEST MOVIE OF 2023,pwjuly,"Jul 19, 2023",,best movi
10.0,Another masterpiece by Christopher nolan,mythicaldarkz,"Jul 19, 2023",,anoth masterpiec christoph nolan
10.0,A sheer Brilliance of Christopher Nolan,CINEBIND,"Jul 20, 2023",,sheer brillianc christoph nolan
6.0,Mostly boring and painful,Hughmanity,"Mar 18, 2024",,mostli bore pain
9.0,"If you're a Science Geek, its not for you",aroy-42063,"Jul 23, 2023",,your scienc geek
6.0,Overrated,andrenollba,"Sep 2, 2023",,overr
5.0,late 1 hour for cinema screening? You won't miss anything,tomzek,"Jul 22, 2023",,late hour cinema screen wont miss anyth
,due to timeline jumping it is exhausting to watch,LauraAnnG,"Feb 17, 2024",,due timelin jump exhaust watch
9.0,The cinematic event of 2023.,Sleepin_Dragon,"Aug 6, 2023",,cinemat event
10.0,An Authentic Masterpiece of Human Exploration,nijgururaja,"Jul 21, 2023",,authent masterpiec human explor
10.0,Nolan has truly outdone himself,ishraqrasif,"Jul 19, 2023",,nolan truli outdon
8.0,Oppenheimers Victims are barely acknowledged,stevenmcglinchey,"Sep 1, 2023",,oppenheim victim bare acknowledg
8.0,Not a Single Bad Performance,jace_the_film_guy,"Sep 16, 2024",,singl bad perform
10.0,Oppenheimer: A Cinematic Masterpiece That Resonates,andika-63816,"Sep 3, 2024",,oppenheim cinemat masterpiec reson
6.0,Acting is outstanding but the story is dragging,dryfk,"Jul 28, 2023",,act outstand stori drag
10.0,More than amazing,omartroy-81571,"Jul 19, 2023",,amaz
7.0,Sometimes a movie tries to mention everything and ends up saying nothing.,andysaleen-05305,"Jul 21, 2023",,sometim movi tri mention everyth end say noth
3.0,This movie feels like sitting in another comany's executive board meeting for 3 hours and listening to them blabble,jhalcollege,"Aug 14, 2023",,movi feel like sit anoth comani execut board meet hour listen blabbl
10.0,Phenomenal,drewcallen,"Jul 21, 2023",,phenomen
10.0,Nolan's most personal and best screenplay.,sydmiller12,"Dec 8, 2023",,nolan person best screenplay
9.0,superior filmmaking and historical storytelling,ferguson-6,"Jul 22, 2023",,superior filmmak histor storytel
10.0,Story and the artist is so perfect,gdabungke,"Jul 19, 2023",,stori artist perfect
9.0,Check your heart rate!,donny12345,"Nov 26, 2023",,check heart rate
10.0,Academy Awards written allover,gautamraj361,"Jul 21, 2023",,academi award written allov
7.0,Good but ultimately disappointing,amirnz,"Jul 24, 2023",,good ultim disappoint
9.0,Cillian Murphy deserves an Oscar,yogesh-kamb,"Jul 20, 2023",,cillian murphi deserv oscar
7.0,Unfortunately it didn't live up to the hype,JPARM-IMDb,"Jul 25, 2023",,unfortun didnt live hype
5.0,Disappointed,kppk-04802,"Jul 24, 2023",,disappoint
,Either I don't understand art or I have grown old!,swapnadipchandra,"Jul 22, 2023",,either dont understand art grown old
10.0,31,Dylpickle08,"Aug 11, 2024",,
10.0,amazing historical film!!,meade-83001,"Sep 28, 2024",,amaz histor film
8.0,Best Actor Goes To Cillian Murphy,maherrazi,"Jul 20, 2023",,best actor goe cillian murphi
10.0,Brilliant roller coaster,dpetarou,"Dec 11, 2023",,brilliant roller coaster
10.0,excellent,burhandaringul,"Dec 12, 2023",,excel
6.0,"Strong middle, first and third acts are a bore",matt-27634,"Jul 22, 2023",,strong middl first third act bore
9.0,"Beautiful, Brilliant, and Bifurcated.",adamleach-68147,"Aug 10, 2023",,beauti brilliant bifurc
6.0,Great performances in an underwhelming courtroom drama,yash-59415,"Jul 30, 2023",,great perform underwhelm courtroom drama
5.0,Overrated by a mile,axelvaldo,"Sep 13, 2023",,overr mile
,Oppenyawner,MTNmovieMan,"Mar 22, 2024",,oppenyawn
9.0,A Cinematic Triumph Unraveling the Soul of the Man Behind the Bomb,fancams,"Dec 12, 2023",,cinemat triumph unravel soul man behind bomb
9.0,A Visually Stunning and Emotionally Captivating Journey into History,mukukachanda,"Aug 7, 2023",,visual stun emot captiv journey histori
10.0,AWESOME,Bykso,"Nov 22, 2023",,awesom
9.0,Must See,jeffdodson1219,"Dec 10, 2023",,must see
8.0,Great for history.,thetman-85851,"Jul 25, 2024",,great histori
10.0,Oppenheimer: Christopher Nolan's Deep Dive into the Life of the Atomic Age's Complex Pioneer,misslittle-97998,"Aug 2, 2024",,oppenheim christoph nolan deep dive life atom age complex pioneer
6.0,Unnecessarily lengthy,ahamedfahimq,"Jul 22, 2023",,unnecessarili lengthi
9.0,A Masterful Portrait: Oppenheimer Is Nolan's Stellar Triumph,Movie_Enthuthiast,"Sep 26, 2024",,master portrait oppenheim nolan stellar triumph
6.0,Nolan fails,alexglimbergwindh,"Jul 26, 2023",,nolan fail
4.0,Disappointing,aharmas,"Jul 22, 2023",,disappoint
10.0,Dude I felt the weight of the world on my shoulders,marinamexias,"Jan 12, 2024",,dude felt weight world shoulder
9.0,Oppenheimer,lianlana,"Dec 8, 2023",,oppenheim
8.0,Pulls you in until the credits roll..,B_A_Reviews,"Dec 10, 2023",,pull credit roll
8.0,Not worth the effort.,lairdwh,"Jul 23, 2023",,worth effort
9.0,Solid 9,Seiyaaa-42342,"Aug 6, 2023",,solid
10.0,Close to perfection...,satoreviews,"Jul 21, 2023",,close perfect
6.0,It's okay but I'll be the bad guy that will reject this as a masterpiece most people claim it to be,IamROCKAS,"Jul 23, 2023",,okay ill bad guy reject masterpiec peopl claim
8.0,Fission. Fusion. Oscars.,Pjtaylor-96-138044,"Jul 31, 2023",,fission fusion oscar
6.0,Movie which was not required,siddharth56,"Jul 23, 2023",,movi requir
5.0,Non-stop background music ruins it,JayShermanLovitz,"Jul 22, 2023",,nonstop background music ruin
,An overrated movie,tobysen,"Sep 11, 2023",,overr movi
10.0,It kept me engaged throughout...,AlsExGal,"Nov 26, 2023",,kept engag throughout
10.0,I Believe We Did!,towardsmoke,"Nov 27, 2023",,believ
9.0,"Better Than I expected from ""3 hours of people talking""",amwilburn-60131,"Nov 30, 2023",,better expect hour peopl talk
8.0,Executionally Perfect; One Thematic Flaw,VikingBurialService,"Aug 24, 2024",,execut perfect one themat flaw
10.0,"Oppenheimer is an absolutely thought provoking, cinematic masterpiece.",osuokfan,"Jul 21, 2023",,oppenheim absolut thought provok cinemat masterpiec
7.0,"Great Acting but, too long and complicated...",drparwar,"Jul 21, 2023",,great act long complic
10.0,The best ever?,omarmajedfifa,"Jul 19, 2023",,best ever
7.0,Not worth the extra money spent on IMAX,alanvarghesester,"Jul 27, 2023",,worth extra money spent imax
5.0,Too long and too little to draw interest.,ofjfhejs,"Jul 25, 2023",,long littl draw interest
,UNWATCHABLE,HarlequeenStudio,"Mar 2, 2024",,unwatch
9.0,Good. Very good.,rubycat-71309,"Dec 2, 2023",,good good
9.0,IT'S A 10/10 FOR ME!,fatemehb-30812,"Dec 5, 2023",,
10.0,The tik tok era is very apparent,nyymxksq,"Jul 31, 2023",,tik tok era appar
10.0,A cinematic masterpiece.,boseaditya-64891,"Jul 21, 2023",,cinemat masterpiec
10.0,Oppenheimer,rainchristensen,"Jul 20, 2023",,oppenheim
9.0,People Who Change The World Like Oppenheimer Can't Not Be Complicated,christopher-cole83,"Jul 29, 2023",,peopl chang world like oppenheim cant complic
6.0,A lot of hype...,sunnyinjersey,"Jul 22, 2023",,lot hype
10.0,Best Film I've ever seen. Nolan has outdone himself,chris-fussel,"Nov 29, 2023",,best film ive ever seen nolan outdon
7.0,Story doesn't fit the form,ferryleblanc,"Jul 30, 2023",,stori doesnt fit form
4.0,Unnecessarily over complicated.,getsanjay,"Nov 11, 2023",,unnecessarili complic
10.0,"It Won't Be For You, It Would Be For Them",sfvvzwy,"Dec 14, 2023",,wont would
9.0,Musings on death and stuff,roxlerookie,"Nov 21, 2023",,muse death stuff
10.0,Fabulous but not for everyone,lorraineesimpson,"Aug 27, 2023",,fabul everyon
10.0,CINEMATIC MASTERPIECE,pqkttpfbs,"Jul 27, 2023",,cinemat masterpiec
10.0,Reality engulfed in the Nolan Magic,rudrakshkikani,"Jul 29, 2023",,realiti engulf nolan magic
10.0,Christopher Nolan's best film so far!,id247,"Jul 21, 2023",,christoph nolan best film far
7.0,"Some great parts, well made. Too long, kind of dull. Didn't care for any of the characters.",SimCinSpirit,"Aug 22, 2023",,great part well made long kind dull didnt care charact
8.0,A Very Nolan Film,sonshineboy,"Aug 2, 2023",,nolan film
6.0,Mediocrity at its best,teavrdoljak-82913,"Jul 28, 2023",,mediocr best
3.0,Consider yourself warned,jkbovill,"Aug 21, 2023",,consid warn
8.0,this is a great film but lacks pace and drama,ib011f9545i,"Jul 24, 2023",,great film lack pace drama
8.0,Do the means justify the end?,EdwardtheBlackPrince,"Jul 21, 2023",,mean justifi end
10.0,They won't fear it until they understand it. And they won't understand it until they've used it. Theory will take you only so far.,TBJCSKCNRRQTreviews,"Jul 22, 2023",,wont fear understand wont understand theyv use theori take far
10.0,The greatest movie I'll never watch again,HorrorAndGore,"Jul 27, 2023",,greatest movi ill never watch
10.0,I am Oppenheimer.,interpol1311,"Dec 4, 2023",,oppenheim
7.0,Oppenheimer honest review,Jojo-Xingyi,"Aug 20, 2023",,oppenheim honest review
9.0,A Triumph,j-d-mcmac,"Jul 21, 2023",,triumph
6.0,CSPAN has more exciting Senate Confirmation Hearings,blakewell-41417,"Jul 23, 2023",,cspan excit senat confirm hear
1.0,Utterly boring and disappointing,LeChic_bleu,"Apr 24, 2024",,utterli bore disappoint
,Tough watch,watchingreels,"Nov 24, 2023",,tough watch
10.0,Oppenheimer is good film in 2023 great,buatup,"Dec 9, 2023",,oppenheim good film great
10.0,Three nail-biting hours,aligodofwar-84159,"Jul 31, 2023",,three nailbit hour
10.0,A movie worth watching.,abyssofdespair,"Dec 4, 2023",,movi worth watch
10.0,A new league for cinema,bhhfzwd,"Dec 2, 2023",,new leagu cinema
9.0,Bravo! Bravo! Bravo!,rachelwong-48121,"Jul 29, 2023",,bravo bravo bravo
10.0,Incredible!,aalbrecht-73303,"Dec 2, 2023",,incred
6.0,disappointing,weltmeisterx7,"Sep 1, 2023",,disappoint
8.0,When Particle Worlds Collide...,Xstal,"Jul 26, 2023",,particl world collid
6.0,Excellent acting ruined by excessive pace,jdlar-66-562021,"Aug 14, 2023",,excel act ruin excess pace
4.0,why these top rating?,ojiosteve,"Aug 13, 2023",,top rate
,Nolan Falls short. Again,persi93,"Aug 21, 2023",,nolan fall short
10.0,What Walt's Watching,waltermwilliams,"Jul 21, 2023",,walt watch
10.0,A must see!,agnethemus,"Jul 30, 2023",,must see
10.0,A Film for the big screen,elhamfirmino,"Jul 27, 2023",,film big screen
10.0,An astonishing accomplishment,outrunkid,"Jul 29, 2023",,astonish accomplish
9.0,"Great, epic and unique biopic but not for everyone",RM851222,"Jul 21, 2023",,great epic uniqu biopic everyon
8.0,The Weight of Information,mariosbenjamin,"Sep 22, 2024",,weight inform
6.0,A historical drama without any accurate history!,elprgianaki,"Aug 25, 2023",,histor drama without accur histori
8.0,Bomb Play but Film,keshawndevon,"Nov 29, 2023",,bomb play film
6.0,Boring,hatemabdullah-13780,"Aug 31, 2023",,bore
2.0,Practically the most overhyped film of the century,arya1984,"Sep 5, 2023",,practic overhyp film centuri
,Way to long,WeWatchMovies,"Feb 19, 2024",,way long
8.0,Powerful film,blanche-2,"Oct 12, 2024",,power film
8.0,A very good movie,ivanssh,"Oct 5, 2024",,good movi
8.0,"Another Christopher Nolan gem, but something feels a bit off with the pacing & portrayal",cristanrafael,"Jul 19, 2023",,anoth christoph nolan gem someth feel bit pace portray
9.0,Oppenheimer,jordanlee-82795,"Dec 13, 2023",,oppenheim
10.0,"""Now I am become Death, the destroyer of worlds.""",modefan,"Jul 26, 2023",,becom death destroy world
7.0,What is the message,xxxxxdarkmoon,"Aug 23, 2023",,messag
10.0,Beyond expectations,ghanemaldawsari,"Jul 20, 2023",,beyond expect
6.0,"Highly overrated but good acting, too slow for me.",luukapd,"Jul 29, 2023",,highli overr good act slow
4.0,Did I miss something?,jamiewalton,"Aug 19, 2023",,miss someth
,Totally overhyped!,JonSnow_AT,"Jul 21, 2023",,total overhyp
9.0,Good rendition of a fascinating historical tale,jamesrupert2014,"Sep 6, 2024",,good rendit fascin histor tale
9.0,This film Is a deep and complex,atikainu,"Sep 6, 2024",,film deep complex
10.0,Cinematic Brilliance on an Atomic Scale,RebelHeartTV,"Sep 11, 2024",,cinemat brillianc atom scale
10.0,"As usual, read the book first",theogramps,"Dec 4, 2024",,usual read book first
10.0,Cillian finally gets what he deserves,khaledmohamedaboelezz,"Jul 27, 2023",,cillian final get deserv
8.0,Scene cuts were jarring,bklgreene,"Mar 4, 2024",,scene cut jar
6.0,Unlikeable womanizer builds a bomb,rileypatrick30,"Jul 23, 2023",,unlik woman build bomb
8.0,"good movie, but too political",Zudomon,"Aug 6, 2024",,good movi polit
6.0,The soundtrack needs to really quiet down sometimes,KeyserSoze1988,"Jul 30, 2023",,soundtrack need realli quiet sometim
4.0,Pearls before swine,shanayneigh,"Aug 4, 2023",,pearl swine
8.0,Learn proper Dutch next time,h-g-vandenberg,"Jun 1, 2024",,learn proper dutch next time
9.0,A staggering achievement,cardsrock,"Aug 10, 2023",,stagger achiev
10.0,Film of the year: A biopic like no other,nolle1,"Dec 3, 2023",,film year biopic like
10.0,A Masterful Display of Acting Brilliance and Audio-Visual Spectacle,kunal-kunal-kataria,"Jul 24, 2023",,master display act brillianc audiovisu spectacl
10.0,Brilliant bio of a deeply flawed genius,dangermaus,"Dec 15, 2023",,brilliant bio deepli flaw geniu
10.0,I'm still processing how good this film is three days after I saw it.,SeaBassist,"Jul 31, 2023",,im still process good film three day saw
6.0,Disappointing Nolan,BirdzOfParadise,"Jul 21, 2023",,disappoint nolan
10.0,Quite possibly the best Nolan movie.,saadhasan-36609,"Jul 22, 2023",,quit possibl best nolan movi
6.0,Mid,chogan9,"Jul 21, 2023",,mid
5.0,An unpopular opinion from a die-hard Nolan fan,FeastMode,"Jul 21, 2023",,unpopular opinion diehard nolan fan
,3 hours too long,ivantheeditor,"Mar 5, 2024",,hour long
10.0,Perfect,muhammadmoiz-73947,"Jul 19, 2023",,perfect
10.0,Masterpiece,talal-98358,"Jul 21, 2023",,masterpiec
8.0,"Very Good, not great, but worth watching",True_Reviews,"Mar 3, 2024",,good great worth watch
8.0,"filled with numerous scenes that unfold at a high speed, making it difficult to catch every dialogue.",adodangeh-73120,"Nov 27, 2023",,fill numer scene unfold high speed make difficult catch everi dialogu
8.0,A warning for Nolan Fans,urkus,"Nov 11, 2023",,warn nolan fan
9.0,Of course its great but NOT the best,podcastgegenpress,"Nov 16, 2023",,cours great best
7.0,Sloppy and distracting close up shots,geertkuster,"Aug 4, 2023",,sloppi distract close shot
8.0,"Good, but slow",jonathanr-67660,"Dec 21, 2023",,good slow
7.0,"Amazing movie technically, but too long and a bit meh on the story",Mrblue6,"Aug 2, 2023",,amaz movi technic long bit meh stori
4.0,"Should be called ""Oppenheimer's trial""",pbaykam,"Jul 22, 2023",,call oppenheim trial
10.0,Maybe Nolans best work,axelbergsand,"Jul 30, 2023",,mayb nolan best work
9.0,Great Movie - Some of These Reviewers Are Dense,pndnfxdrz,"Dec 2, 2023",,great movi review den
9.0,Not about the Bomb!,karimmkhaleddd,"Jul 20, 2023",,bomb
10.0,Not for most of Gen Z,danielcereto,"Jul 26, 2023",,gen z
7.0,"Not bad, but a tad long, and short on physics.",thtqbchk,"Aug 5, 2023",,bad tad long short physic
10.0,The most important film of the current century.,potheadpig,"Jul 24, 2023",,import film current centuri
5.0,Not worth the runtime,JurijFedorov,"Mar 10, 2024",,worth runtim
10.0,The single greatest accomplishment of Hollywood in the last 5 years,grandempire1738,"Jul 21, 2023",,singl greatest accomplish hollywood last year
10.0,I'll Bet That's Jack Quaid As Richard Feynman Playing The Bongo Drum,boblipton,"Jul 23, 2023",,ill bet that jack quaid richard feynman play bongo drum
10.0,Wow! Magnificent! My new favourite film.,kimpitman-72595,"Jul 20, 2023",,wow magnific new favourit film
9.0,"""Exciting, full of paradox, haunting.""",cuchouzi,"Aug 6, 2023",,excit full paradox haunt
9.0,Watch this!,nobilem,"Feb 22, 2024",,watch
9.0,I lost track of time,ivo-timmers,"Aug 10, 2023",,lost track time
7.0,An Atomic bomb movie that has nothing to do with the atomic bomb,mzekrallah,"Aug 5, 2023",,atom bomb movi noth atom bomb
10.0,Classic cinematography is back,prapathrall-97077,"Jul 29, 2023",,classic cinematographi back
6.0,A bit underwhelming...,laurentnroussel,"Jul 24, 2023",,bit underwhelm
3.0,Three hours of not so much,thomastempelmansplat,"Jul 22, 2023",,three hour much
,Good entertainment ?,keith-hewle,"Feb 11, 2024",,good entertain
10.0,Nolanesque,craigfish-86029,"Jul 21, 2023",,nolanesqu
8.0,Oppenheimer: Mighty Fine Historical Film to come Out of 2023,auskooper,"Dec 5, 2023",,oppenheim mighti fine histor film come
10.0,Cinema Masterpiece,jowdauterman,"Jul 29, 2023",,cinema masterpiec
8.0,Magnificent biopic,obeidallahmohmmed,"Dec 8, 2023",,magnific biopic
8.0,"Here he is, who has become Death, the destroyer of worlds...",alekspredator87,"Dec 18, 2023",,becom death destroy world
8.0,"Fine, well-cast, polished, interesting, long, dryish biopic",danieljfarthing,"Nov 18, 2023",,fine wellcast polish interest long dryish biopic
6.0,Just Being Honest Folks,JamesAlvarez520,"Jul 26, 2023",,honest folk
8.0,Captivating Drama with strong performances,soham-21358,"Jul 21, 2023",,captiv drama strong perform
6.0,"Epic in many ways, but misses so much potential",johnbhorn,"Jul 22, 2023",,epic mani way miss much potenti
3.0,Whole movie feels like a trailer + documentary,woodjohn-30987,"Aug 14, 2023",,whole movi feel like trailer documentari
,Oppenheimer,searchanddestroy-1,"Mar 23, 2024",,oppenheim
10.0,"Oppenheimer might seem like a departure for a director best known for epic science fiction and a trilogy of comic book movies, but it's possibly his masterpiece",dr_clarke_2,"Dec 5, 2023",,oppenheim might seem like departur director best known epic scienc fiction trilog comic book movi possibl masterpiec
10.0,fantastic cast,abbasyori,"Jul 19, 2023",,fantast cast
10.0,"""Oppenheimer"" A Captivating Cinematic Journey into History's Dark Secrets",nazaninfakhimi,"Jul 21, 2023",,oppenheim captiv cinemat journey histori dark secret
8.0,Very interesting,mbell-56214,"Nov 27, 2023",,interest
10.0,A masterpiece of a film,Tiger0101,"Jul 27, 2023",,masterpiec film
10.0,insanely good,walidmamwksy,"Jul 20, 2023",,insan good
6.0,Almost Walked Out,jmillerjr-00983,"Jul 24, 2023",,almost walk
10.0,Nolan did it again,AVAndrea-,"Jul 21, 2023",,nolan
6.0,"Cool concept, interesting, seems historically accurate.",trdatiii,"Sep 5, 2023",,cool concept interest seem histor accur
2.0,I thought it was as dull as dishwasher,species-67665,"Mar 13, 2024",,thought dull dishwash
,Best movie of the year and one of the great war movies of all time.,JohnDeSando,"Jul 21, 2023",,best movi year one great war movi time
8.0,Thrilling and enthralling cinematic event,stevelivesey-37183,"Mar 10, 2024",,thrill enthral cinemat event
10.0,Excepcional.,giomcs,"Nov 28, 2023",,excepcion
10.0,A Modern Classic,owengrahamofficial,"Nov 30, 2023",,modern classic
10.0,"For nerds this is like MCU's Avengers, except there are no super-heroes but the scientists. And obviously it's by Christopher Nolan.",shivamdixitsp,"Jul 30, 2023",,nerd like mcu aveng except superhero scientist obvious christoph nolan
10.0,Intense character study of father of atomic bomb by Nolan is an utterly terrifying masterpiece !!,nikeshviz,"Jul 24, 2023",,intens charact studi father atom bomb nolan utterli terrifi masterpiec
10.0,Honest Review.,wladimirstahl,"Jul 20, 2023",,honest review
7.0,Good but not great,grovehill-69182,"Feb 22, 2024",,good great
10.0,amazing cast,scarlettmind-13379,"Nov 25, 2023",,amaz cast
7.0,"Almost brilliant, but too jumbled & lightning fast; it can be a struggle to keep up with the details",actionalligator,"May 26, 2024",,almost brilliant jumbl lightn fast struggl keep detail
5.0,Oppenheimer (2023) The most overrated film of the year,claszdsburrogato,"Nov 13, 2023",,oppenheim overr film year
10.0,Truly amazing,anirudhvenkat-74965,"Jul 30, 2023",,truli amaz
10.0,An Outstanding Movie!,Collopex,"Nov 20, 2023",,outstand movi
10.0,A movie without proportions,reginaar,"Nov 19, 2023",,movi without proport
10.0,This is the bomb (.com),SmoreReviews,"Mar 10, 2024",,bomb com
10.0,Movie of Science but not action,shauryajaisalmeria,"Nov 26, 2023",,movi scienc action
10.0,It's clever but it also has a heart,julioramosest,"Jul 21, 2023",,clever also heart
7.0,Oppenheimer,Prismark10,"Jan 15, 2024",,oppenheim
9.0,good,gulsumbertu,"Dec 14, 2023",,good
7.0,A Masterpiece but overrated and overhyped - You need to set your expectations beforehand,basilarmanazi,"Jul 30, 2023",,masterpiec overr overhyp need set expect beforehand
5.0,Meandering Biography that disappoints.,pgc1966,"Jul 23, 2023",,meander biographi disappoint
10.0,Masterpiece,marwanalkoumani,"Jul 21, 2023",,masterpiec
8.0,"Excellent movie, but read the history first",barekjetilafad,"Jul 25, 2023",,excel movi read histori first
8.0,"Pay attention, and it's outstanding",danaeriley,"May 5, 2024",,pay attent outstand
10.0,Greatest cinema this year!,lilygao-19758,"Nov 28, 2023",,greatest cinema year
9.0,Dutch? Great movie though,burkkemp,"Mar 31, 2024",,dutch great movi though
8.0,It's a Cristopher Nolan film,mrshawdy33,"Jul 29, 2023",,cristoph nolan film
6.0,SOS. Don't get excited due to Nolan. Save your time. I repeat save your time,john_mak11,"Sep 6, 2023",,so dont get excit due nolan save time repeat save time
10.0,Christopher Nolan,necroteri0,"Jan 26, 2024",,christoph nolan
7.0,Watched the entire movie holding my breath but had some reservations in regards to the montage,m-khmelnitskiy,"Aug 10, 2023",,watch entir movi hold breath reserv regard montag
5.0,"A cold, long history lesson",apereztenessa-1,"Jul 23, 2023",,cold long histori lesson
,Loud and loud,gomes-hoeppner,"Aug 2, 2023",,loud loud
9.0,Visual and sound design are what make this movie,millsrebecca-65981,"Nov 16, 2023",,visual sound design make movi
8.0,Brilliant Script with intense and riveting Screenplay and Dialogues,deepakkumarpandyan,"Oct 5, 2024",,brilliant script intens rivet screenplay dialogu
9.0,This movie is not about quantum science,danezu_K,"Aug 11, 2023",,movi quantum scienc
10.0,Christopher Nolans absolute best work,vskdzxkm,"Jul 31, 2023",,christoph nolan absolut best work
9.0,"No CGI here, just good writing and very good acting",Shmaden,"Aug 16, 2023",,cgi good write good act
10.0,Cillian Murphy Steals The Show,gxp-85709,"Jul 19, 2023",,cillian murphi steal show
6.0,They need you until they don't,nogodnomasters,"Aug 11, 2023",,need dont
10.0,Masterpiece go to the cinema now,A_hk-92149,"Jul 21, 2023",,masterpiec go cinema
6.0,Flopenheimer,patrickmoutia-06144,"Feb 24, 2024",,flopenheim
2.0,Don't feel the need to follow the hurd,reciotto,"Aug 13, 2023",,dont feel need follow hurd
,The emperor's new clothes.,ThomasSorlie,"Aug 5, 2023",,emperor new cloth
10.0,Now this is the greatest film of all time.,aliyxhemily,"Dec 17, 2023",,greatest film time
10.0,"It's a Nolan Masterclass: Phenomenal performances across the board, the harrowing truth of one of humanity's most brilliant and yet deadly discovery!",atharvakokaje,"Jul 21, 2023",,nolan masterclass phenomen perform across board harrow truth one human brilliant yet deadli discoveri
10.0,A Masterpiece in a sea of pseudo-movies,goncalobarrosgoncalo,"Jul 29, 2023",,masterpiec sea pseudomovi
10.0,I believe we did it..,sauhardchaurasiya,"Jul 31, 2023",,believ
10.0,Exceeded Expectations,audra-73380,"Jul 21, 2023",,exceed expect
6.0,Surprisingly boring,dusankg,"Aug 5, 2023",,surprisingli bore
8.0,Not as we expected,osamajafar07,"Jul 22, 2023",,expect
6.0,Swing and a miss...,jmcd2007,"Aug 5, 2023",,swing miss
3.0,O God.,therocketeer-78696,"Jul 22, 2023",,god
10.0,Nolan's Magnum Opus,Stravix,"Aug 7, 2023",,nolan magnum opu
10.0,"Masterpiece, if you understand what you are in for",riveradisaac,"Jul 24, 2023",,masterpiec understand
10.0,This film will inspire generations film makers.,nwnzqcgr,"Jul 21, 2023",,film inspir gener film maker
10.0,Nolan don't miss,1218circulos,"Jul 20, 2023",,nolan dont miss
10.0,Boom.,filmowl12,"Jul 30, 2023",,boom
10.0,Emtpy,elanrocker,"Jul 25, 2023",,emtpi
6.0,Who cares??,UncleLobster,"Jul 29, 2023",,care
10.0,Well done cast and crew,robandrhonda-11595,"Jul 24, 2023",,well done cast crew
6.0,The Fallout of Modern Biopics,glewis-52375,"Jul 23, 2023",,fallout modern biopic
5.0,"Overrated, like most Nolan films",Dorveille,"Mar 31, 2024",,overr like nolan film
,test your patience .. 3 hr nonsense,smpaika-50857,"Jul 22, 2023",,test patienc hr nonsens
10.0,Excellence surpassed,peridesai,"Aug 2, 2023",,excel surpass
10.0,4k and movie review,ShockerNYC,"Nov 27, 2023",,k movi review
10.0,Cillian murphy and Christopher Nolan,freegame-calin,"Jul 21, 2023",,cillian murphi christoph nolan
10.0,A relentless ride,ethiotst-53110,"Jul 24, 2023",,relentless ride
8.0,Complexity,davidmvining,"Dec 23, 2023",,complex
8.0,"Definitely Well Worth Investing 3 hours; but, Only Once",redbaron-86192,"Dec 6, 2023",,definit well worth invest hour
6.0,Should be great but is boooooring!,keren317,"Aug 20, 2023",,great booooor
8.0,"An important movie, I liked a lot in it.",SPZMaxinema,"Jul 24, 2023",,import movi like lot
6.0,Hollywood hype,gerrad-tharm,"Jul 30, 2023",,hollywood hype
1.0,"Great subject, dreadful film",henryrobinson-42468,"Apr 8, 2024",,great subject dread film
,Impressive but could've been much better,froschfabian,"Jul 22, 2023",,impress couldv much better
10.0,One of THE best film in cinema history!!!!!,mjmbears1,"Jul 20, 2023",,one best film cinema histori
9.0,"A Long Slog Through History, But Blows Up The Quality Of the Genre",rgkarim,"Jul 21, 2023",,long slog histori blow qualiti genr
10.0,Cillian Murphy 11/10,fabiansaravanja,"Jul 20, 2023",,cillian murphi
10.0,A haunting and beautiful piece of story telling.,MVale_087,"Aug 7, 2023",,haunt beauti piec stori tell
9.0,GREAT MOVIE WITH FLAWS,jackjack-2,"Jan 24, 2024",,great movi flaw
6.0,Way too long for no reason,rygar75,"Aug 5, 2023",,way long reason
10.0,Perfection,davegougnard,"Jul 20, 2023",,perfect
6.0,It was okay probably not worth the extra cost to watch in iMAX,ycxsdhswjs,"Jul 22, 2023",,okay probabl worth extra cost watch imax
2.0,A highly overrated film with an obnoxiously loud soundtrack,karimnn,"Aug 13, 2023",,highli overr film obnoxi loud soundtrack
,Did they read a single book?,antonyausten,"Jul 22, 2023",,read singl book
10.0,Absolutely masterpiece,shresth-93483,"Jul 22, 2023",,absolut masterpiec
10.0,Christopher Nolan finally gives Cillian Murphy the lead role to excel,gabep-97781,"Aug 11, 2023",,christoph nolan final give cillian murphi lead role excel
9.0,A scientific masterpiece,andreimc-13330,"Dec 16, 2023",,scientif masterpiec
10.0,Let this be the art we speak of (2023 list excerpt),TheVictoriousV_Listicle_Blurbs,"Feb 1, 2024",,let art speak list excerpt
10.0,This could have been a movie about a HAM SANDWICH and...,VincentValentino777,"Sep 10, 2023",,could movi ham sandwich
9.0,It's the bomb,alexburrow-43430,"Dec 4, 2023",,bomb
6.0,Deafening Sound effects ruine the film,vanbertslagt,"Oct 4, 2023",,deafen sound effect ruin film
8.0,Overrated but solid,smilingdiplomatist,"Feb 16, 2024",,overr solid
6.0,Overhyped,holarsch,"Jul 31, 2023",,overhyp
1.0,Floppenheimer,mattpberinger,"Apr 17, 2024",,floppenheim
,Nolan...once again?,manas19782002,"Nov 30, 2023",,nolanonc
9.0,Theory only gets you so far...,joberthefboom,"Dec 4, 2023",,theori get far
9.0,Wow,ryanmo-35178,"Nov 29, 2023",,wow
10.0,"Exceeded my expectations, wow!",reemr-11265,"Jul 20, 2023",,exceed expect wow
10.0,"The killing, thrilling, and chilling story of the atomic bomb",L-l-7789,"Feb 11, 2024",,kill thrill chill stori atom bomb
9.0,Good but to long,sportdiretopt,"Dec 1, 2023",,good long
10.0,Best movie I've ever seen,yungchengfu-70234,"Nov 19, 2023",,best movi ive ever seen
6.0,"Over Hyped, under delivered",joseph_smyth,"Jul 22, 2023",,hype deliv
8.0,IMAX is unnecessary,maestroaz,"Aug 6, 2023",,imax unnecessari
6.0,Fell asleep,mrchumly,"Apr 1, 2024",,fell asleep
3.0,"Honestly, A Yawn",kazoomips,"Apr 12, 2024",,honestli yawn
8.0,Nolan slips for the first time ðŸ˜­ garbage!!!,LuckyLuciano305,"Oct 27, 2023",,nolan slip first time garbag
10.0,A masterpiece by Christopher Nolan. This film will be remembered forever..,nawaf-79970,"Jul 20, 2023",,masterpiec christoph nolan film rememb forev
9.0,Gonna win a ton of awards next spring,bankofmarquis,"Jul 27, 2023",,gonna win ton award next spring
10.0,Three hours of pure happiness,halcyonedit,"Dec 26, 2023",,three hour pure happi
8.0,"While it is not Christopher Nolan's magnum opus, this is still one of his best works in history.",iamianiman,"Jul 20, 2023",,christoph nolan magnum opu still one best work histori
8.0,Must see film that puts you front row and center to the atomic bomb,skylarkgalayda,"Dec 20, 2023",,must see film put front row center atom bomb
6.0,"Followable plot, but too complicated just for the sake of being complicated and artistic",laszlo-kamuthy,"Jul 22, 2023",,follow plot complic sake complic artist
10.0,A Masterpiece,hironakamura-64834,"Jul 20, 2023",,masterpiec
7.0,Took me 3 tries to get through,gcoffey-76358,"Feb 16, 2024",,took tri get
1.0,"Sorry, I must have watched a different film to everyone else",gylaird,"Feb 22, 2024",,sorri must watch differ film everyon el
10.0,Oscar here you go...,vincentanoop,"Jul 20, 2023",,oscar go
8.0,Nolan delivers another Monstrous spectacle.,banzoozalreviews,"Nov 29, 2023",,nolan deliv anoth monstrou spectacl
10.0,Masterpiece infinite goosebumps,halnassar-43506,"Jul 20, 2023",,masterpiec infinit goosebump
10.0,Excellent Movie,fazalrehmanqadri,"Jul 25, 2023",,excel movi
10.0,Arguably the best movie of the year,arjunkasawatia,"Jul 25, 2023",,arguabl best movi year
8.0,180 minutes - Destroyer of running time,jdavidson870,"Jul 23, 2023",,minut destroy run time
6.0,Critic Review,paumilme,"Jul 23, 2023",,critic review
10.0,Cillian Murphy is brilliant and Chris Nolan is at his best!,nickadamslaw,"Sep 14, 2023",,cillian murphi brilliant chri nolan best
6.0,Movie is overrated and about office politics,ibaruahmwt,"Aug 13, 2023",,movi overr offic polit
3.0,Boring and without science,rune-andresen,"Jul 30, 2023",,bore without scienc
,Most Overrated movie in the history of Hollywood,mohamedimam,"Aug 9, 2023",,overr movi histori hollywood
10.0,A Masterpiece of Effortless Acting,naufalnp-51438,"Jul 21, 2023",,masterpiec effortless act
10.0,One of the great pieces of cinema of our time,srgymrat33,"Jul 27, 2023",,one great piec cinema time
10.0,Peak Cinema!,redkyng,"Jul 29, 2023",,peak cinema
10.0,This worth every spent penny,zhenyatyoma,"Nov 1, 2023",,worth everi spent penni
10.0,Experience of a lifetime,speedobrunoldj,"Jul 20, 2023",,experi lifetim
9.0,"Oppenheimer wins more by obligation, less by outstanding filmmaking",IrateTyrant,"Dec 6, 2023",,oppenheim win oblig less outstand filmmak
6.0,Great idea with disappointing execution,sofiaboneva,"Aug 1, 2023",,great idea disappoint execut
10.0,Simply marvelous film making and acting,vikas-r-ravi,"Jul 22, 2023",,simpli marvel film make act
7.0,"Great acting, boring lengthy story.............",marklv,"Aug 3, 2023",,great act bore lengthi stori
1.0,Very Disjointed,pranesh-34163,"Apr 8, 2024",,disjoint
,Surprisingly I didn't like it,dukeb0y,"Jun 23, 2024",,surprisingli didnt like
8.0,Beautiful portrait of a conflicted man who saved the world,Mike_Devine,"Mar 11, 2024",,beauti portrait conflict man save world
10.0,Oppenheimer - A film that leaves you unsettled,mariahray,"Jul 22, 2023",,oppenheim film leav unsettl
10.0,"As both history buff and film nerd, this movie is a masterpiece",Zetram,"Aug 7, 2023",,histori buff film nerd movi masterpiec
9.0,"Interesting Storytelling, The cinematography and direction are really well.",EpicFailure_,"Jul 31, 2023",,interest storytel cinematographi direct realli well
9.0,"Now I have become death, The destroyer of the worlds",sohamtonpekar,"Jul 21, 2023",,becom death destroy world
7.0,2h could have done it,hugomf85,"Aug 3, 2023",,h could done
10.0,The best movie ðŸŽ¥,messi_messi-65393,"Jul 29, 2023",,best movi
7.0,Somewhat disappointing,silviuzz-314-170010,"Aug 28, 2023",,somewhat disappoint
5.0,Too self-aware to be entertaining,maricam,"Jan 14, 2024",,selfawar entertain
,Excellent,faiknadir,"Dec 4, 2023",,excel
8.0,"A good movie, but not worth the hype!",haryani-rohit,"Jul 24, 2023",,good movi worth hype
8.0,Exhausting but worth it,tomcraig-59765,"May 28, 2024",,exhaust worth
9.0,not for instant gratification culture,stefan_papp-225-677718,"May 27, 2024",,instant gratif cultur
9.0,GOOD HISTORICAL MOVIE!!,nikmahcapee,"Aug 27, 2024",,good histor movi
9.0,"It's an excellent movie, but not Nolan's best",leonardobustoscabrera,"Jul 30, 2023",,excel movi nolan best
8.0,"and the audience was educated, but Nolan didn't do his due dilligence",gewoonernst-318-221905,"Jul 25, 2023",,audienc educ nolan didnt due dillig
7.0,Beautiful performances but needed editing.,wwc-johnb,"Mar 11, 2024",,beauti perform need edit
10.0,"Say ""yes"" to Oppnenheimer",davidhenryfootball,"May 28, 2024",,say ye oppnenheim
7.0,"Mixed bag, and yes, I was bored",FixedYourEnding,"Jul 24, 2023",,mix bag ye bore
1.0,Most overrated movie of the year,paultenhout-140-413150,"Apr 5, 2024",,overr movi year
10.0,A True Milestone in Cinema History,JasperF3,"Jan 9, 2024",,true mileston cinema histori
9.0,Masterpiece Indeed,chek2303,"Jul 30, 2023",,masterpiec inde
8.0,Not his best,enriquezaragoza-97776,"Jul 24, 2023",,best
9.0,Couldn't take my eyes off the screen,rickvanryke,"Jul 30, 2023",,couldnt take eye screen
10.0,Christopher Nolan has done it again!,ndbzrnkts,"Jul 28, 2023",,christoph nolan done
10.0,great movie,Swatfan12,"Mar 22, 2024",,great movi
7.0,Sound editing is the real hero of this film,ShaanChaudhry,"Jul 21, 2023",,sound edit real hero film
10.0,As awesome as I expected!,cylver39,"Jul 21, 2023",,awesom expect
1.0,Boring,kmitchellbrown,"Mar 10, 2024",,bore
9.0,Modern Masterpiece (except for like 20 minutes),TrusTinsanity,"Sep 7, 2024",,modern masterpiec except like minut
9.0,Another brilliant Nolan delivery,simonwahl-71435,"Feb 3, 2024",,anoth brilliant nolan deliveri
10.0,You will lose your memory for three hours,Abdallah_90,"Jul 21, 2023",,lose memori three hour
10.0,Oscar worthy!,saulalexandrebatista,"Feb 3, 2024",,oscar worthi
9.0,Simply exceptional,gregsullivan-59187,"Aug 29, 2023",,simpli except
10.0,An absolute must see,kevin_robbins,"Jul 23, 2023",,absolut must see
6.0,Is Christopher Nolan become a prankster?,saadra-96845,"Jul 23, 2023",,christoph nolan becom prankster
10.0,People who call it boring should have watched something else,laceup-96849,"Jul 23, 2023",,peopl call bore watch someth el
7.0,Pretty good but emotionally grey,crandonfinn,"Jul 26, 2023",,pretti good emot grey
5.0,Unpopular view but very boring,liamreidy,"Jul 23, 2023",,unpopular view bore
,The complicated life of J Robert Oppenheimer.,TxMike,"Feb 1, 2024",,complic life j robert oppenheim
8.0,Misconceptions blown away. A film deserving of the long running time.,tonypeacock-1,"Aug 10, 2023",,misconcept blown away film deserv long run time
9.0,Haunting tale of haunted triumph,rickchatenever,"Nov 14, 2023",,haunt tale haunt triumph
10.0,"There's nothing worse than History, when we were on the wrong side of it.",kvnnagel,"Feb 20, 2024",,there noth wors histori wrong side
8.0,Overall,rahthasan,"Nov 12, 2023",,overal
10.0,"Christopher Nolan makes his best film yet, as Cillian Murphy delivers with an outstanding performance",vinyladams,"Jul 22, 2023",,christoph nolan make best film yet cillian murphi deliv outstand perform
10.0,Not the usual Christopher Nolan movie,malir,"Jul 30, 2023",,usual christoph nolan movi
6.0,"Openheimer, the sushi of cinema",juanmokreload,"Aug 1, 2023",,openheim sushi cinema
10.0,Best film of 2023,cursedwoods,"Jul 22, 2023",,best film
6.0,"Too Long, Too Confusing, A disparate mess",charles-536,"Jul 27, 2023",,long confus dispar mess
5.0,Chris Nolan continues his war against cinemagoers buttocks,BlokeWithABrainUK,"Jul 23, 2023",,chri nolan continu war cinemago buttock
10.0,PEAK CINEMA,nahiyanrock,"Jul 21, 2023",,peak cinema
9.0,The Score for the win!,spmccain23,"Aug 6, 2023",,score win
10.0,"Christopher Nolan's 'Oppenheimer' Transcends Cinematic Boundaries with a Captivating Blend of History, Science, and Emotion",I_mzed,"Jul 22, 2023",,christoph nolan oppenheim transcend cinemat boundari captiv blend histori scienc emot
10.0,Exceptional work of art,muntasirhalilu,"Nov 17, 2023",,except work art
10.0,"A Masterpiece, Movie of the Century",monianamika,"Jul 29, 2023",,masterpiec movi centuri
8.0,Good but not great,joaosarmag,"Nov 29, 2023",,good great
6.0,Nolan should just stay away from historical productions.,fb6ins1z1,"Aug 1, 2023",,nolan stay away histor product
10.0,oh my god...,carmelpolmanska,"Jul 21, 2023",,oh god
6.0,Its a lot....,CitizenRegret,"Jul 22, 2023",,lot
1.0,Boring,day-10589,"Nov 10, 2023",,bore
10.0,Brilliant,rmmw-30563,"Aug 7, 2023",,brilliant
10.0,One of the best movies of 2023 simply outstanding,adityabagri-67458,"Feb 8, 2024",,one best movi simpli outstand
9.0,Nolan's best work ever and the movie of the decade,ThisIsMoSalah,"Jul 20, 2023",,nolan best work ever movi decad
10.0,CINEMATIC MASTERPIECE,abualissamtayma,"Jul 21, 2023",,cinemat masterpiec
9.0,WOW! A very different Nolan approach that leaves you stuck to your chair,tomassooms,"Jul 21, 2023",,wow differ nolan approach leav stuck chair
10.0,Cinematic Masterpiece,deenkhalil,"Jul 21, 2023",,cinemat masterpiec
6.0,Was Expecting More,mawhinney,"Jul 23, 2023",,expect
10.0,An absolute masterpiece,rikkifletch,"Oct 4, 2024",,absolut masterpiec
6.0,Fall of Nolan,arteen88,"Jul 30, 2023",,fall nolan
3.0,That's not even a good movie,roberttochaves,"Nov 12, 2023",,that even good movi
9.0,"Great Film, Easy watch",ZoningOut,"Mar 31, 2024",,great film easi watch
10.0,Nolan you genius!!,bharathpsandeep,"Jul 30, 2023",,nolan geniu
9.0,Christopher Nolan strikes again,tikapradhan-68279,"Jul 21, 2023",,christoph nolan strike
9.0,A Piece of the Austere Beauty of Cinema!!,kanagarajkarthik-48611,"Jan 1, 2024",,piec auster beauti cinema
10.0,Must see !,alisubhiabed-40106,"Jul 23, 2023",,must see
9.0,"You and I are made up of each other..Oppie, Oppie Oppie!!!",remuse-astra,"Dec 4, 2023",,made otheroppi oppi oppi
6.0,Confusionheimer,PizzaBizza,"Aug 28, 2023",,confusionheim
10.0,The highlight of Nolan's career!,danny_ea,"Jul 25, 2023",,highlight nolan career
6.0,Doesn't deserve anything higher than an 7.5 on IMDB,jakeglassman-03462,"Jul 23, 2023",,doesnt deserv anyth higher imdb
4.0,Definitely overrated!,Arturix,"Aug 22, 2023",,definit overr
9.0,a biography; not a documentary,theoriginalchiefsquirrel,"Nov 14, 2023",,biographi documentari
9.0,Truly Epic,bo_w,"Jul 27, 2023",,truli epic
10.0,Oppenheimer is Nolans magnum opus,wesleywhite-56879,"Jul 21, 2023",,oppenheim nolan magnum opu
10.0,Just WOW,abdullahosmirza,"Jul 21, 2023",,wow
8.0,Very good movie,youneshr,"Aug 7, 2023",,good movi
9.0,Incredible,davidmermod,"Jul 24, 2023",,incred
6.0,So many good actors lost in this pretentious mess,eposten,"Feb 24, 2024",,mani good actor lost pretenti mess
10.0,It's fantastic,samyusefi,"Nov 11, 2023",,fantast
6.0,"Better than Tenet, I guess?",slp-22338,"Jul 23, 2023",,better tenet guess
2.0,"Bloated, artless - big disappointment",noogahoogah,"Aug 31, 2023",,bloat artless big disappoint
10.0,Incredible,dkbpp,"Jul 24, 2023",,incred
10.0,Top Notch Cinema,scpvbnmymq,"Jul 29, 2023",,top notch cinema
10.0,Some of Nolan's best work yet,inovski,"Dec 4, 2023",,nolan best work yet
10.0,A Brilliant portrait of a Scientific Genius,Asif_Auran,"Jul 25, 2023",,brilliant portrait scientif geniu
9.0,"Now I am become death, the destroyer of worlds.",synystargates,"Aug 6, 2023",,becom death destroy world
9.0,Movie of the year 2023,ChuckleCritic,"Dec 3, 2023",,movi year
7.0,Meh,Bcfcjacko,"Jul 21, 2023",,meh
8.0,OPPENHEIMER:-an important and tough watch,puranjanbasak,"Dec 1, 2023",,oppenheimeran import tough watch
6.0,Four major flaws in this vastly overpraised film,210west,"Aug 17, 2023",,four major flaw vastli overprais film
5.0,Not a visual spectacle. Intense court room drama.,modernsanatani,"Aug 28, 2023",,visual spectacl intens court room drama
10.0,Claiming a bright spot in Cinema History!,sherifmg,"Jul 20, 2023",,claim bright spot cinema histori
10.0,Will change your life,noxiouscat,"Jul 27, 2023",,chang life
8.0,Wonderfully crafted,GabrielSymes,"Dec 16, 2023",,wonder craft
10.0,Christopher Nolan made a masterpiece.,saramilenkovic1994,"Aug 7, 2023",,christoph nolan made masterpiec
10.0,Wow what a film,penfoc,"Nov 25, 2023",,wow film
10.0,I rarely hand out tens,labcbaker,"Mar 8, 2024",,rare hand ten
7.0,"Difficult to digest, even after reading ""American Prometheus""",deweybidwell,"Jul 26, 2023",,difficult digest even read american prometheu
10.0,Must watch! Absolutely phenomenally done.,fieneke-kroon,"Jul 22, 2023",,must watch absolut phenomen done
7.0,Not something I want to re-watch,mosquitocyn,"Jan 29, 2024",,someth want rewatch
1.0,Bored out of my mind!,darthsteele-39338,"Apr 8, 2024",,bore mind
8.0,artistic biopic,SnoopyStyle,"Nov 24, 2023",,artist biopic
10.0,WHAT A MOVIE!!,hamzahamohamed,"Aug 10, 2023",,movi
10.0,Beautiful Movie,jtlaginess-34911,"Aug 8, 2023",,beauti movi
9.0,Truly a thriller,OlgaGorelik,"Feb 1, 2024",,truli thriller
10.0,Chris never disappoint,rsalantariq,"Jul 21, 2023",,chri never disappoint
7.0,Good film - Maybe someday I'll regain my hearing,SDAim2,"Jul 26, 2023",,good film mayb someday ill regain hear
9.0,A physics story.,odaleg,"Feb 23, 2024",,physic stori
6.0,Dialogue for Days!,sleepingsunrise,"Feb 18, 2024",,dialogu day
1.0,Don't let them gaslight you.,agathachamomile,"Feb 13, 2024",,dont let gaslight
10.0,A perfect cimematic experience in IMAX,contact-fasal,"Aug 6, 2023",,perfect cimemat experi imax
10.0,Master piece,humzahnadeem,"Aug 4, 2023",,master piec
10.0,Another Masterpiece,LordByron_,"Aug 6, 2023",,anoth masterpiec
10.0,Christopher Nolan is the master!,srjbrett,"Jul 22, 2023",,christoph nolan master
10.0,History never ceases to amaze me,maryypsb,"Aug 7, 2023",,histori never ceas amaz
8.0,Oppenheimer the Biographic Thriller,dassnelum,"Nov 18, 2023",,oppenheim biograph thriller
7.0,"It has it's moments, but it's a bit slow",benb231,"Jul 26, 2023",,moment bit slow
8.0,A compelling thought provoking biopic,Abdulxoxo,"Aug 9, 2024",,compel thought provok biopic
7.0,Overhyped but good,andrewfriedhoff,"Jul 28, 2023",,overhyp good
5.0,Too many long stretches with no stakes,ojford,"Aug 19, 2023",,mani long stretch stake
8.0,Simple Review,iskandermahmud,"Nov 14, 2023",,simpl review
8.0,THE REVIEW.,moaazmunir-78479,"May 29, 2024",,review
8.0,Nolan Tackles the Biopic,socrates4,"Aug 5, 2024",,nolan tackl biopic
9.0,Prometheus's God but Oppenheimer was a human,supertunaman,"Aug 30, 2023",,prometheus god oppenheim human
10.0,American Prometheus.,jlspenc-84630,"Dec 19, 2024",,american prometheu
9.0,A Thrilling and Unique Cinematic Experience,addysmithtf,"Jun 10, 2024",,thrill uniqu cinemat experi
7.0,The world's longest trailer.,domtaylor,"Aug 21, 2023",,world longest trailer
10.0,An Epic Eye-Opener Account Of The Creation Of The Atomic Bomb,t-d-t-m82,"Jan 19, 2025",,epic eyeopen account creation atom bomb
7.0,Nolan needs to reign himself in a bit,rb-99402,"Aug 18, 2023",,nolan need reign bit
4.0,"Below expectation, except Robert Downey Jr.'s characterization",raja_sarkar,"Sep 3, 2023",,expect except robert downey jr character
8.0,Father of The Atomic Bomb (Fission),rugash-44786,"Nov 13, 2023",,father atom bomb fission
9.0,"A dull movie for some, a masterpiece for others.",ankhonian,"Jan 2, 2025",,dull movi masterpiec other
8.0,"Worth the watch, with a few let downs",celestegeorgiou,"Jul 24, 2023",,worth watch let down
10.0,A Tale of Prometheus and Ozymandias,jvxtjfnbq,"Sep 17, 2023",,tale prometheu ozymandia
10.0,A Mesmeric Slow Burn: Nolan's Brilliant Oppenheimer,snewkyblinders,"Aug 21, 2024",,mesmer slow burn nolan brilliant oppenheim
10.0,"""Unintended Father of the Atomic Bomb""",sajjadgarshasbi,"Nov 28, 2024",,unintend father atom bomb
6.0,Overcooked,socceroos,"Jul 23, 2023",,overcook
10.0,Sharpen Your Brain and Learn the Art ot being Patient to understand The Actual Art.,mishramani-00700,"Jul 23, 2023",,sharpen brain learn art ot patient understand actual art
6.0,Someone should tell the truth,halavurta,"Jul 22, 2023",,someon tell truth
4.0,Just not good.,HypnoticPoison7,"Jul 26, 2023",,good
,Very Good; Not A Masterpiece,shadhuahmed,"Nov 17, 2023",,good masterpiec
8.0,Barbenheimer 2/2,mickeythechamp,"Jul 24, 2023",,barbenheim
10.0,Speechless,CantBeatKarma,"Jul 28, 2023",,speechless
10.0,Top 3 Nolan Films OAT,leomac-94145,"Jul 21, 2023",,top nolan film oat
8.0,Perfect,ipsentorres,"Jul 22, 2023",,perfect
10.0,"Important film to watch, especially in the new context of UAP disclosure",asforrest-28-368478,"Jul 21, 2023",,import film watch especi new context uap disclosur
10.0,"Captivating, Intriguing, and difficult to stop watching.",tyranhtj,"Jul 23, 2023",,captiv intrigu difficult stop watch
6.0,Oppenheimer Wikipedia dump,tarunleft,"Jul 27, 2023",,oppenheim wikipedia dump
8.0,"Run, don't walk, to see this movie.",gipsyblood,"Nov 18, 2024",,run dont walk see movi
7.0,Don't be confused like I was,kdagoulis26,"Jul 28, 2023",,dont confus like
1.0,Avoid,jcwgeorge,"Feb 23, 2024",,avoid
10.0,Christopher Nolan's Magnum Opus,zamgion,"Jul 21, 2023",,christoph nolan magnum opu
10.0,Masterpiece by Christopher Nolan - more than one meaning?,mgortych,"Jul 24, 2023",,masterpiec christoph nolan one mean
10.0,Simple 10/10,algenrala,"Jul 25, 2023",,simpl
8.0,Very good but complicated,dbrowning-12200,"Jul 24, 2023",,good complic
8.0,"Too long, but interesting. (Was there really some Dutch?!)",janwillemaikens,"Jul 22, 2023",,long interest realli dutch
10.0,A must watch in theatres,shantayan,"Jul 22, 2023",,must watch theatr
7.0,I just don't get the love.,colinjbooth,"Aug 7, 2023",,dont get love
10.0,This is cinema!!!,masoud971,"Jul 21, 2023",,cinema
7.0,Politics Of The Bomb,redcanofevil,"Jul 21, 2023",,polit bomb
4.0,It's didn't entertain or inform,rtamos,"Jan 16, 2024",,didnt entertain inform
10.0,NOLAN HAD DONE IT AGAIN.,hamedmds-67664,"Jul 21, 2023",,nolan done
8.0,Brilliant directional documentry drama,pook-29090,"Dec 12, 2024",,brilliant direct documentri drama
9.0,A Thought-Provoking Glimpse into History and Humanity's Ethical Dilemma,jonathanantoniothomas,"Jul 21, 2023",,thoughtprovok glimps histori human ethic dilemma
,War History,nemesishealth,"Mar 1, 2024",,war histori
10.0,An awe-inspiring theatrical experience!,Anurag-Shetty,"Jul 21, 2023",,aweinspir theatric experi
10.0,Masterpiece!!,claycalderonblood,"Feb 29, 2024",,masterpiec
6.0,I was not impressed,arthimea,"Aug 14, 2023",,impress
10.0,Nolan did it again,anibalcnso,"Aug 6, 2023",,nolan
7.0,Indigest...,RosanaBotafogo,"Apr 14, 2024",,indigest
1.0,Talk talk talk,pvnt-51160,"Oct 28, 2024",,talk talk talk
,A great historical movie produced at just the right time,vantranrmit,"Aug 14, 2023",,great histor movi produc right time
10.0,Beyond anything I have ever experienced in a theater.,tfkummer,"Jul 21, 2023",,beyond anyth ever experienc theater
10.0,Oscar worthy film and performances,junkspam-08023,"Jul 20, 2023",,oscar worthi film perform
10.0,"""But I can run the Manhattan Project.""",classicsoncall,"Jul 28, 2023",,run manhattan project
8.0,"A decent experience, still not perfect",mattlx,"Jul 20, 2023",,decent experi still perfect
10.0,"Epic, mature spectacle",masonsaul,"Jul 22, 2023",,epic matur spectacl
10.0,One of the best movies ever made !,Naratifan,"Jul 29, 2023",,one best movi ever made
7.0,Expected much more Nolan epic scenes,amsaifi,"Aug 4, 2023",,expect much nolan epic scene
10.0,Masterpiece,sinscopefilms,"Jan 7, 2024",,masterpiec
6.0,Great story poorly told.,tony-stoneman,"Jul 24, 2023",,great stori poorli told
1.0,Beyond boring....,peetersweden,"Apr 16, 2024",,beyond bore
,Seriously?!,julioromeok,"Jul 31, 2023",,serious
10.0,Oppenheimer,goncalocarapuca,"Jul 20, 2023",,oppenheim
10.0,Best movie of the year,brunacabus,"Jul 20, 2023",,best movi year
8.0,"Good work, again.",xnicofingerx,"Dec 4, 2023",,good work
10.0,I have nothing else to say,cinephilescientist,"Nov 20, 2023",,noth el say
9.0,It Took a Few Days to Realize How Extraordinary It is..,Easykiddysniper,"Jul 23, 2023",,took day realiz extraordinari
8.0,"Marvellous and will win all the Oscars, but a challenging watch",namob-43673,"Jul 21, 2023",,marvel win oscar challeng watch
7.0,A Clinical Biopic That Lacks Soul,seanw-14429,"Jul 27, 2023",,clinic biopic lack soul
10.0,"Absorbing, Extremely Well-Acted, and a Fascinating Subject",don2507,"Jul 30, 2023",,absorb extrem wellact fascin subject
7.0,"Good, but somewhat overrated.",jacobdstrauss-24032,"Aug 12, 2023",,good somewhat overr
1.0,"BORING, BORING, BORING!",helmortart,"Nov 9, 2023",,bore bore bore
,"Great performances and sound ,much ado about not using cgi",qfzmqpn,"Jul 21, 2023",,great perform sound much ado use cgi
10.0,Better Than Typical Nolan Fare!,j_kurzyn,"Jul 21, 2023",,better typic nolan fare
10.0,Just watched Oppenheimer,Curtain_Call_Films,"Aug 7, 2023",,watch oppenheim
10.0,Absolute Masterpiece,rfattore,"Oct 3, 2023",,absolut masterpiec
10.0,"Now I am become Death, the destroyer of worlds",eduardomelorocha-34963,"Jul 21, 2023",,becom death destroy world
10.0,Despite all the hype it was THAT incredible,bmiller59,"Aug 11, 2023",,despit hype incred
6.0,"Great movie up to event, then drawn out, boring",danielkeough,"Aug 31, 2023",,great movi event drawn bore
10.0,A heart-pounding experience.,karimcupp,"Mar 4, 2024",,heartpound experi
7.0,"Well done, but so much for one film",taftbabbitt,"Aug 8, 2023",,well done much one film
2.0,"Brilliant acting, not so brilliant movie",ballerraps,"Sep 3, 2023",,brilliant act brilliant movi
,A truly existential crisis giving film...,lucychesworth,"Jan 15, 2024",,truli existenti crisi give film
10.0,It's a lot,LoganGuay,"Jul 24, 2023",,lot
10.0,A masterpiece for the intended audience,testott-41847,"Jul 27, 2023",,masterpiec intend audienc
10.0,Cillian should at least get nominated,Tovi_Se7en,"Jul 29, 2023",,cillian least get nomin
10.0,This movie made me realize everyone's turned into little kids,xenerox,"Jul 23, 2023",,movi made realiz everyon turn littl kid
10.0,Greatest Cinematic Event of My Life,lostandfoundnow,"Jul 22, 2023",,greatest cinemat event life
10.0,Brilliant Film,Yourfavoritedirector,"Jul 27, 2023",,brilliant film
7.0,A fairly good movie but right now overrated,pejnar,"Sep 4, 2023",,fairli good movi right overr
10.0,Christopher Nolan dazzles us once again with a production based on true events that impacts our minds like few others have.,rrmmnyc,"Jul 23, 2023",,christoph nolan dazzl u product base true event impact mind like other
6.0,Checking my watch,rockpaperdalek,"Aug 1, 2023",,check watch
5.0,Another missed opportunity,loco_73,"Feb 16, 2024",,anoth miss opportun
10.0,Oppenheimer is a masterpiece....but,ahmedlightocon,"Jul 20, 2023",,oppenheim masterpiecebut
10.0,The most beautiful work you have seen in 2023,nnjjuubbhhyy,"Jul 20, 2023",,beauti work seen
10.0,"Stunning, Thought-Provoking, Brilliant",azmark1887,"Dec 27, 2023",,stun thoughtprovok brilliant
9.0,Is this Nolan Masterpiece?,akiray-15518,"Mar 6, 2024",,nolan masterpiec
10.0,Brilliant filmmaking,joebnow,"Aug 10, 2023",,brilliant filmmak
9.0,BRILLANTTIO.. EXCEPIONAL// WATCH,AnthonyMcDonald-Dublin,"Sep 14, 2023",,brillanttio excepion watch
6.0,Don't expect traditional Nolan thrills,rdowd93,"Jul 23, 2023",,dont expect tradit nolan thrill
8.0,Don't Get Unnecessary Hype.,ardabagdu,"Jul 21, 2023",,dont get unnecessari hype
7.0,Well made but left me a bit flat,cssimdb,"Feb 25, 2024",,well made left bit flat
10.0,One of Nolan's best works!,moizulhaq-30196,"Jul 22, 2023",,one nolan best work
10.0,Oscar,kchavda-56133,"Jul 20, 2023",,oscar
10.0,"A moving, compelling film",3films,"Jul 26, 2023",,move compel film
8.0,The destroyer of worlds,nickenchuggets,"Apr 10, 2024",,destroy world
9.0,"""Can you hear the music?""",Aziz24,"Jul 29, 2023",,hear music
8.0,Interesting but has some issues,catebaum,"Nov 9, 2023",,interest issu
6.0,"Good but overhyped, too long, boring",champions_dark,"Jul 24, 2023",,good overhyp long bore
10.0,Beautifully made movie,lucobratz,"Sep 28, 2023",,beauti made movi
6.0,Jumpy and loud.,Tobbes,"Aug 5, 2023",,jumpi loud
5.0,Don't Believe All the Hype.,scoriz-14012,"Oct 19, 2023",,dont believ hype
10.0,One of my favourite movies,luissteinladehaupt,"Aug 6, 2023",,one favourit movi
10.0,You are the man who gave them the power to destroy themselves,srikanthjonnalagadda,"Jul 22, 2023",,man gave power destroy
10.0,Equivalent to Interstellar.,xrysala,"Sep 6, 2023",,equival interstellar
10.0,Film making at its best,khangaldypk,"Aug 6, 2023",,film make best
9.0,Loved it,aprydem,"Aug 11, 2023",,love
10.0,Great movie over all,aghydkartbeel,"Jul 23, 2023",,great movi
7.0,Good Not Great. Editing and Sound 4 Stars,ryancs2845,"Jul 23, 2023",,good great edit sound star
10.0,Just Go Watch Unraveling the Masterpiece!,eiazrahman,"Jul 29, 2023",,go watch unravel masterpiec
6.0,Shallow movie about deep subjects,tabletopcouchpotato,"Jul 21, 2023",,shallow movi deep subject
1.0,Pretentious and overrated,TardyGrade,"Feb 18, 2024",,pretenti overr
10.0,Multi Oscar Picture,info-58061,"Jul 21, 2023",,multi oscar pictur
8.0,The wolrd of Oppenheimer,sudhakaranakhilan,"Dec 3, 2023",,wolrd oppenheim
9.0,"Oppenheimer"" takes you on a guilt trip through the mind of a scientist.",saikirandubbakka,"Jul 27, 2023",,oppenheim take guilt trip mind scientist
10.0,Oppenheimer Is This Generation's Titanic In Cinema,Destiny-1-12-15,"Jan 8, 2024",,oppenheim gener titan cinema
10.0,Perfect ðŸ‘‘,amirali-47573,"Nov 17, 2023",,perfect
10.0,Beautiful,hamzamu-73174,"Jul 20, 2023",,beauti
6.0,Its drama movie why turn it to mystery!,golden_hunter777,"Aug 9, 2023",,drama movi turn mysteri
10.0,The best movie I have ever seen,lmdlr,"Jul 29, 2023",,best movi ever seen
6.0,Horrible dialogue sound issues,GoSpursGo7,"Jul 28, 2023",,horribl dialogu sound issu
5.0,"ðŸ¤¦ðŸ» Convoluted, Over Scored, Too Long (To it's Detriment) and Didn't Live Up to The Hype ðŸ¤¦ðŸ»",DoNotComeToTheCinemaDepressed,"Jul 22, 2023",,convolut score long detriment didnt live hype
9.0,Good movie,mymexicanfood,"Dec 21, 2023",,good movi
10.0,Incredible political drama (light spoilers),genes_starryw,"Jul 26, 2023",,incred polit drama light spoiler
10.0,A master work from a master director.,jaketlogsdon,"Jul 24, 2023",,master work master director
9.0,"Beautiful, relentless, inspiring",rubennaeff-1,"Aug 7, 2023",,beauti relentless inspir
9.0,A rare and unique experience,jonathandailler,"Jul 19, 2023",,rare uniqu experi
10.0,AMAZING MOVIE,carlospanaiotov,"Jul 21, 2023",,amaz movi
6.0,Expected so much More,mriha-11703,"Jul 22, 2023",,expect much
10.0,OPPENHEIMER- A Captivating Cinematic Journey into History's Dark Secrets!!,docwix,"Jul 21, 2023",,oppenheim captiv cinemat journey histori dark secret
6.0,Admit to being a bit disappointed.,silverpinkcity,"Dec 24, 2023",,admit bit disappoint
4.0,"A Documentary,not a movie.",pranilb-88545,"Jul 22, 2023",,documentarynot movi
10.0,"Holds your breath, Cillian Murphy is SPECTACULAR",alessandragarrido,"Jul 21, 2023",,hold breath cillian murphi spectacular
10.0,Amazing,lucashenneke,"Jul 27, 2023",,amaz
10.0,Immersive experience,heidiyliluoma,"Aug 11, 2023",,immers experi
10.0,Possibly the best film I have ever seen,ronaldpj,"Jul 21, 2023",,possibl best film ever seen
10.0,A Masterpiece!,borgestiagopiva,"Dec 31, 2023",,masterpiec
10.0,Documentaries re-invented by Nolan,laylaalharbi,"Jul 20, 2023",,documentari reinvent nolan
6.0,I don't care who gets an Oscar anymore,turtlesquadboss,"Mar 11, 2024",,dont care get oscar anymor
9.0,This WILL win awards !!,annabellemenardi-75721,"Jul 26, 2023",,win award
6.0,45 minutes too long,cdc123,"Jul 29, 2023",,minut long
3.0,Booooring,xavicollbastus,"Sep 1, 2023",,boooor
10.0,Masterpiece,devilwolfdog,"Aug 6, 2023",,masterpiec
10.0,Thought-provoking film,deckkerdinesh,"Jul 22, 2023",,thoughtprovok film
10.0,A True Classic of the Future,moonlightdevvv,"Jul 20, 2023",,true classic futur
8.0,"Such an expensive movie, and then you fail to speak proper Dutch for one minute",theeroos,"Jul 23, 2023",,expens movi fail speak proper dutch one minut
8.0,Well made film!,ja-lens,"Dec 15, 2023",,well made film
10.0,An absolute MASTERPIECE,fabber-34436,"Aug 30, 2023",,absolut masterpiec
6.0,its there,brubru,"Aug 3, 2023",,
10.0,"AN EASY 10, WITHOUT A DOUBT",rutwikpatel-59322,"Jul 26, 2023",,easi without doubt
6.0,Nolan expects way too much from fans...,jonathanvictor-87460,"Mar 27, 2024",,nolan expect way much fan
3.0,Nolan's style is not for this kind of story,goltsmanval,"Jul 31, 2023",,nolan style kind stori
10.0,Oppenheimer: A Cinematic Marvel with Stellar Performances!,amrateek,"Jul 20, 2023",,oppenheim cinemat marvel stellar perform
9.0,The Struggles of a Man too intelligent for his own good,ephraimkoay,"Jul 29, 2023",,struggl man intellig good
,A Cinematic Masterpiece: Captivating and Unforgettable,widadediy,"Jul 20, 2023",,cinemat masterpiec captiv unforgett
9.0,Coukd not take my eyes off the screen,ValentynaZ,"Jul 29, 2023",,coukd take eye screen
8.0,Amazing,bebotheblackblood,"Nov 20, 2023",,amaz
10.0,Best acting and cinematography I've seen in a long long time.,sofyagalstyan,"Jul 24, 2023",,best act cinematographi ive seen long long time
9.0,The Destroyer Of Worlds,thedriver829,"Jan 2, 2024",,destroy world
7.0,A potentially brilliant film spoilt by too much and too loud background music,pgoodbody,"Aug 2, 2023",,potenti brilliant film spoilt much loud background music
9.0,An Intriguing Film for not all but the Focused Viewer,007Luke,"Jul 30, 2023",,intrigu film focus viewer
7.0,"Damn, it was a decent autobiography but wow, massively overrated and expected so much more.",poenjam,"Oct 25, 2023",,damn decent autobiographi wow massiv overr expect much
5.0,"Thrill seekers beware, this one is a boring dud.",imseeg,"Jul 22, 2023",,thrill seeker bewar one bore dud
,"Not Bad, But Not Great",alicegriffin-02737,"Aug 9, 2023",,bad great
9.0,Snooze fest? I don't think so!,theashoxford,"Mar 21, 2024",,snooz fest dont think
10.0,J. Robert Oppenheimer: Illuminating Brilliance,heymmama,"Jul 21, 2023",,j robert oppenheim illumin brillianc
10.0,Best film of 2023,seanmo-86499,"Jan 3, 2024",,best film
10.0,A Hole Ripped Open Through Me & I Can't Breathe!,shansid-03164,"Jul 21, 2023",,hole rip open cant breath
8.0,"I'm not a history fan, but...",yeswestan,"Aug 31, 2023",,im histori fan
9.0,Chain Reactions,Slarkshark,"Feb 28, 2024",,chain reaction
6.0,"Some good things, some bad things, a bit disappointing.",SeghilaSei,"Aug 28, 2023",,good thing bad thing bit disappoint
9.0,The Father of the Atoms,horexiv,"Nov 16, 2023",,father atom
6.0,Not what I expected. Definitely not IMAX worthy .,rum2550,"Aug 13, 2023",,expect definit imax worthi
2.0,"A piece of trash, salted with great actors",eugeniomaggiolini,"Aug 31, 2023",,piec trash salt great actor
10.0,A Story Which Needed Told,jimmyjjfuller,"Jul 30, 2023",,stori need told
10.0,Truly a masterpiece!,vaelryn,"Jul 23, 2023",,truli masterpiec
10.0,A treat for science and history lovers!,shafaqsahar70,"Aug 29, 2023",,treat scienc histori lover
9.0,Humanity is amazing and terrifying,Olsenc34,"Jul 30, 2023",,human amaz terrifi
9.0,Beautiful.,amrhaany,"Jul 20, 2023",,beauti
9.0,Oppenheimer stands out as one of the decade's most captivating films and serves as a reminder that cinema is an endeavor that requires hard work and perseverance.,Fineapplespov,"Jul 24, 2023",,oppenheim stand one decad captiv film serv remind cinema endeavor requir hard work persever
6.0,Choppy and Distracting Direction,dfields-46972,"Feb 17, 2024",,choppi distract direct
10.0,Exceptional,craigkeiran-62574,"Jul 27, 2023",,except
7.0,Not bad but not great either,a-clinch1,"Jul 22, 2023",,bad great either
4.0,"Nolan tries his best, but it's still just a biography",parrothugger,"Jul 22, 2023",,nolan tri best still biographi
9.0,All best with two exception,ansakhadeo,"Jul 22, 2023",,best two except
10.0,Nolan masterclass,montyhulbert-46280,"Aug 1, 2023",,nolan masterclass
9.0,One of Nolan's best and perhaps his most personal & important film,ameyoak55,"Jul 21, 2023",,one nolan best perhap person import film
10.0,Nolan's epic effort,mrpavock,"Nov 16, 2023",,nolan epic effort
10.0,A captivating and complex film about one of the history's most influential figures,kazar-rimaa,"Jul 30, 2023",,captiv complex film one histori influenti figur
10.0,A Masterpiece,emresaat,"Jul 30, 2023",,masterpiec
7.0,It's a mixed bag from Nolan...,keriso,"Jul 24, 2023",,mix bag nolan
9.0,SUCH A GREAT MOVIE,SAMAELSATANA,"Jun 17, 2024",,great movi
6.0,Going against the grain here,togas-35777,"Jul 30, 2023",,go grain
5.0,What is the main theme of this film?,ikoos-1975,"Sep 2, 2023",,main theme film
8.0,Not the Bomb; Good Entertainment,Jephy1,"Jul 25, 2023",,bomb good entertain
9.0,A very good movie but not for all,gianfrydt,"Nov 17, 2023",,good movi
9.0,"Amazing and Intriguing, With A Slight Downside",TrumanGire,"Mar 28, 2024",,amaz intrigu slight downsid
10.0,"Nolan, at his absolute highest of his capacity.",anirbanshanker-das,"Jul 30, 2023",,nolan absolut highest capac
8.0,"A brilliant film that some may find ""boring""",viktorrudik,"Jul 22, 2023",,brilliant film may find bore
10.0,Phenomenal,manishvs-02317,"Jul 30, 2023",,phenomen
6.0,"Well acted, well shot, but falls short",joshwb-31737,"Aug 1, 2023",,well act well shot fall short
10.0,The greatest movie of this year,bcing-81860,"Jul 25, 2023",,greatest movi year
7.0,Too long and uneven,ericjoly-64324,"Jul 23, 2023",,long uneven
8.0,Complicated movie about a complicated man,sjw1029,"Mar 7, 2024",,complic movi complic man
8.0,Murphy is Brilliant!,cindyrasmuson,"Jan 2, 2024",,murphi brilliant
10.0,Nolan's Magnum Opus,topherdrewpg,"Jul 23, 2023",,nolan magnum opu
10.0,Nolan's best so far,shoebsaad,"Jul 21, 2023",,nolan best far
10.0,'Classic Nolan Art',Filmwalla,"Jul 21, 2023",,classic nolan art
7.0,Strong movie. Not the story I wanted to see.,martin-hristov-92,"Jul 23, 2023",,strong movi stori want see
10.0,A masterpiece in every sense of the word.,rwdelos5517,"Jul 21, 2023",,masterpiec everi sen word
7.0,Long Winded,bigham69,"Jul 25, 2023",,long wind
2.0,Boring!,cubuwu-27036,"Aug 24, 2023",,bore
10.0,Christopher Nolan DELIVERS,ryanfitzg,"Jul 21, 2023",,christoph nolan deliv
10.0,Easily the Greatest Film of the Year,prescottstauffer,"Jul 21, 2023",,easili greatest film year
10.0,Intellectually Stimulating,joshjob,"Jul 26, 2023",,intellectu stimul
9.0,"An exceptional film, the best in years",mts43,"Jan 31, 2024",,except film best year
10.0,Spectacular Film.,roxy3499-736-472522,"Dec 26, 2023",,spectacular film
10.0,Extraordinary,radders_007,"Jul 20, 2023",,extraordinari
6.0,"If you're seeking action, drama and CGI, move on.",richardhayes-47287,"Aug 25, 2023",,your seek action drama cgi move
9.0,I certainly hope this film will be a wake-up call,karifreyr03,"Jul 20, 2023",,certainli hope film wakeup call
7.0,To Looooonnnngggg,davidjacomb-47990,"Aug 7, 2023",,looooonnnngggg
4.0,"Movie for Netflix not for Cinema, Disappointing",abdulqadirpk,"Aug 21, 2023",,movi netflix cinema disappoint
9.0,Just got amazed,sosrivi,"Jul 20, 2023",,got amaz
10.0,The Father Of The Atomic Bomb,A7medSalah,"Jul 19, 2023",,father atom bomb
10.0,Cinema,NS-movie-reviews,"Jul 29, 2023",,cinema
10.0,Movie Of The Year 2023,ZeddaZogenau,"Dec 10, 2023",,movi year
10.0,Nolan's Magnum Opus: A Cinephile's Wet Dream,reelscope,"Aug 7, 2023",,nolan magnum opu cinephil wet dream
10.0,A will forever remember the first time I watched Oppenheimer,fluna_cuevas,"Jul 21, 2023",,forev rememb first time watch oppenheim
1.0,"BORING! Not a movie, but a self-indulgent 3hr trailer at best.",asnare,"Jun 11, 2024",,bore movi selfindulg hr trailer best
10.0,A masterpiece,lovric-tanja,"Aug 7, 2023",,masterpiec
10.0,This is a cinema masterpiece.,gabrielsiqueira-22528,"Aug 9, 2023",,cinema masterpiec
10.0,Bio-Epic,nihalat-27063,"Jul 27, 2023",,bioepic
10.0,Perfect,ghaithelaiwi,"Jul 24, 2023",,perfect
10.0,My mind exploding.,raudafitriani,"Jul 20, 2023",,mind explod
10.0,Wow! What a powerful and engagaing movie!,prberg2,"Jul 29, 2023",,wow power engaga movi
7.0,"Good movie, excellent actors, but for a 'Nolan' bit disappointing.",robertverschoor911,"Aug 4, 2023",,good movi excel actor nolan bit disappoint
10.0,J. Robert Oppenheimer The Martyr,yolodvlz,"Jul 21, 2023",,j robert oppenheim martyr
7.0,"Very Good; Technically Great, but Emotionally Lands Just Short of a Classic",HarCarmichael,"Aug 3, 2023",,good technic great emot land short classic
2.0,Boring AF,replicant-04151,"Jul 31, 2023",,bore af
10.0,Exemplary Movie,javed1703,"Jul 21, 2023",,exemplari movi
10.0,I am shaken.. this is a masterpiece in every sense of the word!,prasannamr,"Jul 21, 2023",,shaken masterpiec everi sen word
9.0,"Brilliant Performances, Brilliant Direction, but multiple viewings required",talking_about_movies,"Jul 24, 2023",,brilliant perform brilliant direct multipl view requir
10.0,Oppenheimer is simply the best film of 2023 and one of Nolan's best works,eva3si0n,"Jan 7, 2024",,oppenheim simpli best film one nolan best work
10.0,Or: Lewis Strauss Meets the Theoretical Physical Godzilla,Quinoa1984,"Jul 24, 2023",,lewi strauss meet theoret physic godzilla
10.0,"There are good films, great films and there's masterpieces. This is the latter.",ChrisMartins1973,"Jul 21, 2023",,good film great film there masterpiec latter
6.0,Overly long and overrated,andystevenson9,"Nov 12, 2023",,overli long overr
10.0,Breathtaking,tpvpbrg,"Nov 18, 2023",,breathtak
7.0,"""Men are Talking-The Movie""",chancehuffman,"Jul 22, 2023",,men talkingth movi
1.0,Ridiculously over rated,mgsl-20235,"Aug 12, 2023",,ridicul rate
10.0,Nolan's Masterpiece,grigoraaakis-889-295918,"Nov 23, 2023",,nolan masterpiec
10.0,Involving and epic,erichcavalcanti,"Jul 23, 2023",,involv epic
10.0,The best movie ever...,omlakhani-37-111450,"Dec 31, 2023",,best movi ever
10.0,"Oppenheimer is about the internal struggle of a man between his duty as husband, patriot, scientist and human",b_h_89,"Mar 27, 2024",,oppenheim intern struggl man duti husband patriot scientist human
10.0,"Brilliantly acted, filmed, written, edited, and delivered.",walshbd-00569,"Jul 21, 2023",,brilliantli act film written edit deliv
10.0,Oscar blockbuster IMAX film.,an-03599,"Jul 26, 2023",,oscar blockbust imax film
6.0,"Decent, not great",milinskis,"Jul 23, 2023",,decent great
10.0,Spectacular,Jessicamtejeda,"Jul 26, 2023",,spectacular
7.0,Seriously overrated,allisandisnot,"Mar 13, 2024",,serious overr
3.0,Call it 'Nolan' rather than 'Oppenheimer' can make the rating higher,timiark,"Jul 22, 2023",,call nolan rather oppenheim make rate higher
9.0,Magnificent,alaawykiller,"Dec 29, 2023",,magnific
10.0,Oppenheimer has simply blown my mind!,kevinkandathil,"Jul 20, 2023",,oppenheim simpli blown mind
10.0,Long lasting but never boring,accountgamemail,"Sep 6, 2023",,long last never bore
10.0,Simply a cinematic masterpiece.,finley-84924,"Aug 6, 2023",,simpli cinemat masterpiec
9.0,Deserving Oscar winner,bbosma-24403,"Mar 30, 2024",,deserv oscar winner
10.0,"Without a shadow of a doubt, we have here Christopher Nolan's best film since the release of Inception in 2010",gabrielarchanjodombosco,"Dec 21, 2023",,without shadow doubt christoph nolan best film sinc releas incept
6.0,Good...but should have been great.,WatershipBrakey,"Aug 28, 2023",,goodbut great
10.0,"A visual spectacle, a revolution for the cinema of recent years courtesy of Mr. Nolan",JulesAndVincent6,"Jan 19, 2024",,visual spectacl revolut cinema recent year courtesi mr nolan
6.0,Barbenheimer: Barbie and Ken diffuse the A-bomb.,Top_Dawg_Critic,"Aug 1, 2023",,barbenheim barbi ken diffus abomb
5.0,"Boring - as if watching a very, very long trailer where all your favorite actors shake hands",p-c-d-vermeulen,"Jul 28, 2023",,bore watch long trailer favorit actor shake hand
9.0,Oppenheimer: A Magnum Opus of Intellectual Excellence,nnhuyhuy,"Aug 2, 2023",,oppenheim magnum opu intellectu excel
9.0,Sir Christopher Nolan Man we love you and you never freaking Disappoint with your hyped movies sir,shakirshums,"Jul 20, 2023",,sir christoph nolan man love never freak disappoint hype movi sir
10.0,See it in cinemas,EasyTiger,"Jul 22, 2023",,see cinema
10.0,My experience,Danielll420,"Jul 20, 2023",,experi
8.0,Stunned After.,zzfiahd,"Jul 20, 2023",,stun
10.0,Mesmerizing Masterpiece By Mr. Nolan: Take A Bow Sir ðŸ™ðŸ™,mannahimu,"Jul 23, 2023",,mesmer masterpiec mr nolan take bow sir
6.0,Stylistically Annoying,atlasmb,"Dec 25, 2023",,stylist annoy
8.0,Oppenheimer - A Fast Paced History Movie (with an extreme long runtime),CutlasSaber,"Jul 25, 2023",,oppenheim fast pace histori movi extrem long runtim
7.0,Visually stunning but somewhat... breathless,sascha_z,"Jul 24, 2023",,visual stun somewhat breathless
2.0,"Commie, Not Commie",bratemili-12922,"Apr 4, 2024",,commi commi
10.0,The Man Who Changed The World and Cinema,powellian6,"Jul 24, 2023",,man chang world cinema
10.0,I have only ever rated 2 films 10/10. This is one of them.,charlie-04315,"Jul 25, 2023",,ever rate film one
10.0,Powerful!,hayk678,"Jul 20, 2023",,power
10.0,Up there with Interstellar as one of Nolan's best works,alecnazworth,"Dec 31, 2023",,interstellar one nolan best work
9.0,Best movie I've seen in a long time,mattssonfelix,"Jul 27, 2023",,best movi ive seen long time
10.0,The most important film ever made,forward07,"Jul 31, 2023",,import film ever made
6.0,Didn't match the expectations.,abhishekmnicolson,"Jul 22, 2023",,didnt match expect
10.0,Nolan has done it again!,heinzketchup-21881,"Jul 26, 2023",,nolan done
6.0,Oppenheimer: An Overhyped Epic That Falls Short on Expectations and Overstays its Welcome,tim_d3,"Jul 24, 2023",,oppenheim overhyp epic fall short expect overstay welcom
2.0,"Just tell the story, for God's sake",bruce6110,"Aug 18, 2023",,tell stori god sake
10.0,A Cinematographers Wet Dream,NormalGuyReviews,"Nov 25, 2023",,cinematograph wet dream
9.0,9 out of 10...for now,jfalcon-84417,"Jul 21, 2023",,
10.0,Defenitely worth it!!!,harshitguptaeleventh,"Jul 23, 2023",,defenit worth
8.0,A spectacular feat of filmmaking,malachiweaver,"Dec 29, 2023",,spectacular feat filmmak
9.0,An incredibly important movie,vinods75,"Aug 4, 2023",,incred import movi
10.0,Devastatingly Beautiful,aahmedzeeshan,"Aug 13, 2023",,devastatingli beauti
6.0,A possible bomb about a bomb.,dmholloway-18633,"Jul 21, 2023",,possibl bomb bomb
10.0,Best movie I have seen in many years!,zbuuury,"Aug 2, 2023",,best movi seen mani year
7.0,The second watch is always best with Nolan (and skip the exhausting parts),mail-4230,"Dec 5, 2023",,second watch alway best nolan skip exhaust part
5.0,Unimpressed,jsbay,"Aug 3, 2023",,unimpress
,Total disappointment,raskladushka,"Dec 15, 2023",,total disappoint
10.0,Pretty much perfect,chris_rowe-881-168820,"Jul 27, 2023",,pretti much perfect
10.0,"An Awe-Inspiring Triumph: Christopher Nolan's ""Oppenheimer""",chitreshgupta,"Jul 23, 2023",,aweinspir triumph christoph nolan oppenheim
10.0,Wow,kszv-72477,"Feb 28, 2024",,wow
10.0,Masterpiece,WooderIce64,"Mar 8, 2024",,masterpiec
10.0,A Nolan-Murphy Masterpiece,ajintvarghese1,"Mar 10, 2024",,nolanmurphi masterpiec
6.0,"Meh, OKish in parts, problematic subtext",indifferentlyinsouciant,"Jul 22, 2023",,meh okish part problemat subtext
9.0,An important part of history,Imme-van-Gorp,"Dec 30, 2023",,import part histori
6.0,Star-studded Cast Brings Dialog Heavy Biopic,swmccrary-15102,"Jul 30, 2023",,starstud cast bring dialog heavi biopic
3.0,A well marketed snooze fest,kqjcxy,"Aug 28, 2023",,well market snooz fest
,Cinematic integration,IBO98X,"Jul 23, 2023",,cinemat integr
10.0,Cinema is its most visceral form,revparu,"Jul 21, 2023",,cinema viscer form
9.0,Modern day masterpiece!,manishrvce,"Jul 30, 2023",,modern day masterpiec
9.0,Rami Malek ðŸ˜‚,kianjames-02823,"Jul 27, 2023",,ramus malek
10.0,One of nolans best,judealexharnett,"Nov 13, 2023",,one nolan best
9.0,Bombastic cinema experience,darkerpassenger,"Jul 20, 2023",,bombast cinema experi
10.0,No one wins,gypsy-87293,"Jul 21, 2023",,one win
7.0,Like going down a mine,techfilz,"Feb 24, 2024",,like go mine
10.0,Another Win for Christopher Nolan,nolinger-48439,"Jul 23, 2023",,anoth win christoph nolan
7.0,"Well, just a tad over rated",GeorgeSickler,"Apr 13, 2024",,well tad rate
2.0,"Boring Attempt to Create Sympathy For A ''Villain""",DuskShadow,"Mar 12, 2024",,bore attempt creat sympathi villain
10.0,This film was even better the 2nd time!,MoviesbyChris,"Jul 23, 2023",,film even better nd time
10.0,My favorite Christopher Nolan movie,jdshald-785-708376,"Jul 21, 2023",,favorit christoph nolan movi
10.0,Cinema Personified: Incredible Movie,cinemapersonified,"Jul 29, 2023",,cinema personifi incred movi
10.0,The best film of 2023!,djrmc24,"Jul 22, 2023",,best film
10.0,Unforgettable. A work of genius.,LeAvantGuardian,"Jul 26, 2023",,unforgett work geniu
10.0,Nolan's best film to date.,MOscarbradley,"Jul 22, 2023",,nolan best film date
6.0,Not as i expected,asadkunbr,"Nov 28, 2024",,expect
10.0,A jewel in Nolan's filmography.,magadalwarmayur,"Jul 21, 2023",,jewel nolan filmographi
7.0,I went in seeing a quote that people were silent after the film.,psychhelp,"Aug 27, 2023",,went see quot peopl silent film
4.0,I rather watch my parents go at it then sit through this again,brandenrhodes,"Feb 25, 2024",,rather watch parent go sit
10.0,Masterful IMAX experience!,UniqueParticle,"Jul 28, 2023",,master imax experi
10.0,Astounding - and not for any special effects,richard-1787,"Jul 23, 2023",,astound special effect
10.0,Magnificent cinematography,ellysimeonova,"Jul 21, 2023",,magnific cinematographi
10.0,A timeless masterpiece,mohammedayubtowfik,"Jul 30, 2023",,timeless masterpiec
10.0,The best really the best,arezoorostamianar,"Jul 21, 2023",,best realli best
10.0,Why we go to the Cinema,joshuamzeidan,"Jul 21, 2023",,go cinema
7.0,Too hard dedication to the book,idaeaa,"Dec 8, 2023",,hard dedic book
10.0,One of the best..,masonstanish,"Jul 25, 2023",,one best
6.0,It was a Dud,puisisjoe,"Jul 21, 2023",,dud
1.0,This is the end of Nolan.,mericdx,"Sep 27, 2023",,end nolan
10.0,Grabs hold and demands that you keep up.,Emerald1972,"Jul 24, 2023",,grab hold demand keep
10.0,First film after covid that has actually delivered.,jojo44443,"Jan 8, 2024",,first film covid actual deliv
8.0,A GREAT experience!!,rashedloay,"Jul 20, 2023",,great experi
10.0,Deserving of Best Picture,maddmaxx46,"Feb 4, 2024",,deserv best pictur
9.0,Nolan Best Movie,hasanpy,"Jul 21, 2023",,nolan best movi
10.0,"""Honey is not made for the donkey's mouth""",scghbmk,"Jul 22, 2023",,honey made donkey mouth
6.0,Jumbled storytelling but relevant message,phd_travel,"Jul 23, 2023",,jumbl storytel relev messag
9.0,Compelling and Thought-Provoking,nileshshaha,"Jul 29, 2023",,compel thoughtprovok
6.0,Finely crafted well presented but tiresome?,ACollegeStudent,"Jul 23, 2023",,fine craft well present tiresom
3.0,"Boring and disjointed, rename it Floppenheimer",robertrocconella,"May 18, 2024",,bore disjoint renam floppenheim
8.0,An immersive tale of the famous physicist,SonGoku540,"Nov 28, 2023",,immers tale famou physicist
10.0,Biopic for the records!,actionhex,"Jan 22, 2024",,biopic record
10.0,Masterly,erickriverozanatta,"Jul 24, 2023",,masterli
9.0,WATCH IT!!!,4yesha,"Jul 26, 2023",,watch
10.0,The Best Work of Nolan,ekoeko-49654,"Jul 21, 2023",,best work nolan
9.0,I can only describe it as cinematic excellence.,haddonfieldmech,"Aug 9, 2023",,describ cinemat excel
6.0,"I could have given this movie an 8 out of 10, but it had problems ...",Guy_O,"Jul 27, 2023",,could given movi problem
8.0,Oppenheimer Action Biografie,brfhhtdmyw,"Aug 7, 2023",,oppenheim action biografi
6.0,3 hours of bleak exposition,johnnymonsarrat,"Aug 2, 2023",,hour bleak exposit
5.0,The most overrated film of all-time?,yesterdaysprize,"Nov 12, 2023",,overr film alltim
10.0,Nolan refined all his tools to deliver a Masterpiece!,Art1mus,"Jul 22, 2023",,nolan refin tool deliv masterpiec
10.0,Takes time to process.,nftnjr,"Jul 22, 2023",,take time process
8.0,Excellent biography in many ways,azblakemore,"Sep 11, 2023",,excel biographi mani way
10.0,Openheimer: A Masterpiece Unveiling the Depths of Human Complexity,holger-35984,"Jan 3, 2024",,openheim masterpiec unveil depth human complex
10.0,Appreciating Oppenheimer,tsrikarsharma,"Jul 21, 2023",,appreci oppenheim
10.0,God film,dimitarialmishev,"Jul 26, 2023",,god film
6.0,Worst Nolan movie!,caglisto,"Jul 22, 2023",,worst nolan movi
9.0,"Difficult to follow, but a captivating film with incredible elements",imsimplyatiredperson,"Aug 10, 2023",,difficult follow captiv film incred element
6.0,Overhyped FS,marioslukanov,"Mar 27, 2024",,overhyp f
3.0,Beyond Tedious - A Wasted Opportunity,AJ108,"Aug 5, 2023",,beyond tediou wast opportun
10.0,Openheimer - A Mind-Bending Masterpiece,bibekrawat-40472,"Jul 21, 2023",,openheim mindbend masterpiec
10.0,Excellent movie,shahariornazim,"Jul 20, 2023",,excel movi
10.0,Masterpiece,aalokdhonju,"Jul 22, 2023",,masterpiec
10.0,What an intense movie,gustavomiguelgaray,"Aug 6, 2023",,intens movi
10.0,Oppenheimer,aboode-nawaf,"Jul 24, 2023",,oppenheim
8.0,Breathtakingly beautiful.,jamkafka,"Jun 20, 2024",,breathtakingli beauti
6.0,Underwhelming,rgxdzrybr,"Feb 8, 2024",,underwhelm
10.0,No hyperboles.,vedanthjanga,"Jul 22, 2023",,hyperbol
7.0,Disappointing in its wide shallow swath,objviewer,"Nov 30, 2023",,disappoint wide shallow swath
3.0,Confusing and boring.,FollicallyChallenged,"Jul 24, 2023",,confus bore
9.0,"8/10... It takes time to tell a good story, this one took its time and it was worth it.",maduabuchimacdonald,"Feb 11, 2024",,take time tell good stori one took time worth
8.0,"Great movie, won't see it again",jmapp,"Jul 22, 2023",,great movi wont see
8.0,An incredible experience of cinema as art! One that draws you in and never lets go.,pranabchaudhury,"Feb 23, 2024",,incred experi cinema art one draw never let go
10.0,More than a movie,kittyleesch,"Sep 14, 2023",,movi
9.0,Soundtrack Hits Hard!!,matthew_craven,"Aug 9, 2023",,soundtrack hit hard
9.0,A Cinematic Masterpiece,cwnxrjhm,"Jul 31, 2023",,cinemat masterpiec
6.0,A Classic or just Hollywood Hype?,remydubois-65606,"Aug 8, 2023",,classic hollywood hype
10.0,"Perfectly explosive dialogue, visuals and story.",TreeHouse_Productions,"Nov 17, 2023",,perfectli explos dialogu visual stori
7.0,Leading a marathon just to fall in the final mile.,BenW1999,"Jul 25, 2023",,lead marathon fall final mile
2.0,Terrible disappointment,akondakoff,"Aug 13, 2023",,terribl disappoint
10.0,"""Power stays in the shadows""",dottydew,"Aug 11, 2023",,power stay shadow
10.0,Oppenheimer: A Visual Symphony and Artistic Triumph,Mohamed-3mad,"Nov 23, 2023",,oppenheim visual symphoni artist triumph
10.0,Questions Arise from this fil,sarlja,"Apr 8, 2024",,question aris fil
9.0,Near-perfect biopic that demands your attention,harrisononimdb,"Jul 24, 2023",,nearperfect biopic demand attent
10.0,They won't fear it until they understand it and they won't understand it until they've used it.,nandordz89,"Jul 25, 2023",,wont fear understand wont understand theyv use
10.0,A wonderful reminder of the art of filmmaking,zerberos-34371,"Nov 12, 2023",,wonder remind art filmmak
6.0,Just read a book instead,karlssonlars,"Dec 13, 2024",,read book instead
10.0,Now i am become death the destroyer of worlds.,ahmedfaragahmed,"Jul 28, 2023",,becom death destroy world
6.0,I struggled with this film ..,scottedwards-87359,"Aug 6, 2023",,struggl film
10.0,Oppenheimer (2023) A visual well thought out complex masterpiece,Nakaru,"Jul 23, 2023",,oppenheim visual well thought complex masterpiec
8.0,"Great movie, great acting, for the history",casperfalkenstrom-05892,"Dec 31, 2023",,great movi great act histori
8.0,A film that commands your attention and respect.,FONYMAHONEY,"Jan 12, 2024",,film command attent respect
10.0,A riveting exploration of genius and morality,Falko_h1,"May 24, 2024",,rivet explor geniu moral
10.0,Nolan's Magnum Opus,fhdkmcy,"Jul 22, 2023",,nolan magnum opu
10.0,The Pinnacle of Nolans Directorial Talent,juliancdudley,"Jul 22, 2023",,pinnacl nolan directori talent
6.0,Not sure what i feel... bored?,Mynameisroman,"Mar 26, 2024",,sure feel bore
10.0,Christopher Nolan's next Masterpiece,nikitaesterle,"Jul 21, 2023",,christoph nolan next masterpiec
6.0,Standards of film quality in decline,MysticSolver,"Jun 2, 2024",,standard film qualiti declin
1.0,What is the point of creating this movie?,irena_markova,"Aug 17, 2023",,point creat movi
8.0,A Celebration of Intellectual Movies,heisenberg12,"Aug 7, 2023",,celebr intellectu movi
10.0,Oppenheimer: A Masterclass in Intelligent and Engaging Cinematic Storytelling,sgbirch-394-601026,"Jul 30, 2023",,oppenheim masterclass intellig engag cinemat storytel
9.0,intellectually and emotionally,szymonkowal,"Mar 17, 2024",,intellectu emot
10.0,Great movie by Nolan was a fast at moments but its okay. if people don't like this movie stay away from such people.,gtanmay-19713,"Jul 31, 2023",,great movi nolan fast moment okay peopl dont like movi stay away peopl
10.0,Great Picture supporting a nuclear-free World.,Dr_Mark_ODoherty,"Nov 15, 2023",,great pictur support nuclearfre world
10.0,Fast paced and overwhelming,cardosoanna,"Aug 2, 2023",,fast pace overwhelm
7.0,Poignant story overwhelmed by exhausting score and convoluted editing,Harry_Longabough,"Jun 2, 2024",,poignant stori overwhelm exhaust score convolut edit
10.0,The best film by Christopher Nolan,cesarcastro-05426,"Jul 28, 2023",,best film christoph nolan
7.0,Where was all the physics?,maltekoot,"Jul 25, 2023",,physic
1.0,Boring movie,shascan-87563,"Jan 10, 2024",,bore movi
10.0,Leave some time for thinking after the movie,registerhad,"Jul 23, 2023",,leav time think movi
10.0,brilliant,fgarrido-98202,"Jul 30, 2023",,brilliant
10.0,This movie has changed me and I am not sure how to process it,timryansvensk,"Jul 28, 2023",,movi chang sure process
8.0,"Exceptional acting, with small shortcomings in cinematography and storytelling",christhirteen13,"Jul 23, 2023",,except act small shortcom cinematographi storytel
8.0,"Nolan makes the audience think, like the ending of Inception.",khadafimusaad,"Aug 20, 2023",,nolan make audienc think like end incept
10.0,The Best 3 hour film I've seen,elvaflo,"Jul 22, 2023",,best hour film ive seen
7.0,"Too long, but worth seeing",Apollocandybar,"Jul 24, 2023",,long worth see
10.0,Breathtaking...,beatrizgdandrade,"Jul 22, 2023",,breathtak
6.0,Overhyped,amitsalvi,"Aug 9, 2023",,overhyp
3.0,As a Nolan fan this was boring,ssjsolidsnake,"Jul 22, 2023",,nolan fan bore
9.0,Review,kenziehallam,"Aug 3, 2023",,review
10.0,"Stunning, unlike anything I've experienced from a movie.",radaldk,"Jul 21, 2023",,stun unlik anyth ive experienc movi
10.0,Give this man an Oscar,electraoiko,"Sep 12, 2023",,give man oscar
10.0,"""The world is changing. Reforming..."" Oppenheimer is Cillian Murphy's moment.",dreamingcollapsing,"Jul 29, 2023",,world chang reform oppenheim cillian murphi moment
10.0,A TERRIFIC WORK..!,nsnoyan,"Jul 21, 2023",,terrif work
8.0,"Superb cast , Sick Shots, Great Story",Movie-Dood198027,"May 12, 2024",,superb cast sick shot great stori
6.0,I had low expectations going in..,kurt2439,"Aug 20, 2023",,low expect go
10.0,Fantastic!,rtvumdvh,"Jul 23, 2023",,fantast
7.0,"Too long, generic biopic",surf3r,"Jul 30, 2023",,long gener biopic
,Editing style was irritating and I left.,analogue1001,"Sep 14, 2023",,edit style irrit left
10.0,Oppenheimer is a cinematic experience you'll remember forever...,marwinsingh-30063,"Jul 23, 2023",,oppenheim cinemat experi youll rememb forev
10.0,One of the most important movie in the history of cinema...,dushanowshow,"Jul 28, 2023",,one import movi histori cinema
10.0,Nolan's best yet,m-devaraj7,"Jul 21, 2023",,nolan best yet
10.0,"I needed flavour, Caiyenne Pepper and Paprika but instead got Thyme and Basil",Anonymous696969goodday,"Jul 22, 2023",,need flavour caiyenn pepper paprika instead got thyme basil
10.0,You've never seen a film like Oppenheimer,eddie_baggins,"Jul 24, 2023",,youv never seen film like oppenheim
10.0,What is wrong with this picture?,jmpusateri,"Jul 25, 2023",,wrong pictur
6.0,3 hours about the least consequential thing that happened during WW2,sharmdavy,"Jun 25, 2024",,hour least consequenti thing happen ww
10.0,"Deserves all the hype and all the accolades in the future! Oscars, here we come!",aadarshstha-92565,"Jul 21, 2023",,deserv hype accolad futur oscar come
6.0,"A Gary Oldman Truman Biopic, Please",dway-68382,"Jul 24, 2023",,gari oldman truman biopic plea
1.0,"If Nolan was not directed this movie, then how would you rate it?",ehsankarimy,"Jul 23, 2023",,nolan direct movi would rate
,How to make 3 hour film about A bomb interesting??,brett goucher,"Mar 12, 2024",,make hour film bomb interest
10.0,Christopher Nolan's Oppenheimer is a MASTERPIECE!,ActionMovieDude,"Jul 20, 2023",,christoph nolan oppenheim masterpiec
10.0,10/10 GO WATCH IT,mikitolppala-87640,"Jul 23, 2023",,go watch
